"Month","Agency","Ridership"
"2008-01-01","MNR","6,453,734"
"2008-02-01","MNR","6,144,377"
"2008-03-01","MNR","6,602,280"
"2008-04-01","B&T","24,900,328"
"2008-04-01","MNR","6,787,480"
"2008-05-01","B&T","26,172,575"
"2008-05-01","MNR","6,840,901"
"2008-06-01","B&T","25,940,107"
"2008-06-01","MNR","7,008,657"
"2008-07-01","B&T","26,189,384"
"2008-07-01","MNR","7,298,152"
"2008-08-01","B&T","26,448,624"
"2008-08-01","MNR","6,826,968"
"2008-09-01","B&T","24,633,191"
"2008-09-01","MNR","6,833,215"
"2008-10-01","B&T","25,258,664"
"2008-10-01","MNR","7,322,841"
"2008-11-01","B&T","23,914,201"
"2008-11-01","MNR","6,357,900"
"2008-12-01","B&T","24,218,648"
"2008-12-01","MNR","6,989,977"
"2009-01-01","B&T","22,260,909"
"2009-01-01","MNR","6,176,035"
"2009-02-01","B&T","21,497,488"
"2009-02-01","MNR","5,731,571"
"2009-03-01","B&T","24,295,234"
"2009-03-01","MNR","6,593,183"
"2009-04-01","B&T","24,839,950"
"2009-04-01","MNR","6,600,645"
"2009-05-01","B&T","26,019,431"
"2009-05-01","MNR","6,387,435"
"2009-06-01","B&T","25,847,929"
"2009-06-01","MNR","6,864,270"
"2009-07-01","B&T","26,152,065"
"2009-07-01","MNR","6,830,791"
"2009-08-01","B&T","26,084,323"
"2009-08-01","MNR","6,392,629"
"2009-09-01","B&T","24,838,705"
"2009-09-01","MNR","6,511,692"
"2009-10-01","B&T","25,300,215"
"2009-10-01","MNR","6,788,990"
"2009-11-01","B&T","23,898,100"
"2009-11-01","MNR","6,336,672"
"2009-12-01","B&T","23,775,856"
"2009-12-01","MNR","6,761,648"
"2010-01-01","B&T","22,601,000"
"2010-01-01","MNR","5,935,008"
"2010-02-01","B&T","19,389,016"
"2010-02-01","MNR","5,572,064"
"2010-03-01","B&T","24,782,495"
"2010-03-01","MNR","6,769,641"
"2010-04-01","B&T","24,845,798"
"2010-04-01","MNR","6,675,241"
"2010-05-01","B&T","26,252,605"
"2010-05-01","MNR","6,580,762"
"2010-06-01","B&T","26,218,749"
"2010-06-01","MNR","6,992,372"
"2010-07-01","B&T","26,250,587"
"2010-07-01","MNR","6,832,493"
"2010-08-01","B&T","26,468,484"
"2010-08-01","MNR","6,747,243"
"2010-09-01","B&T","24,895,673"
"2010-09-01","MNR","6,693,644"
"2010-10-01","B&T","25,745,102"
"2010-10-01","MNR","6,867,305"
"2010-11-01","B&T","24,276,731"
"2010-11-01","MNR","6,654,086"
"2010-12-01","B&T","23,232,917"
"2010-12-01","MNR","6,924,465"
"2011-01-01","B&T","20,667,163"
"2011-01-01","MNR","5,916,958"
"2011-02-01","B&T","20,416,996"
"2011-02-01","MNR","5,685,834"
"2011-03-01","B&T","24,217,298"
"2011-03-01","MNR","6,896,269"
"2011-04-01","B&T","23,862,645"
"2011-04-01","MNR","6,648,157"
"2011-05-01","B&T","25,431,952"
"2011-05-01","MNR","6,788,759"
"2011-06-01","B&T","25,570,907"
"2011-06-01","MNR","7,164,508"
"2011-07-01","B&T","25,760,847"
"2011-07-01","MNR","6,854,351"
"2011-08-01","B&T","24,569,331"
"2011-08-01","MNR","6,551,648"
"2011-09-01","B&T","24,267,823"
"2011-09-01","MNR","6,860,460"
"2011-10-01","B&T","24,418,354"
"2011-10-01","MNR","6,945,233"
"2011-11-01","B&T","23,755,837"
"2011-11-01","MNR","6,851,523"
"2011-12-01","B&T","23,977,111"
"2011-12-01","MNR","7,201,122"
"2012-01-01","B&T","22,057,316"
"2012-01-01","MNR","6,419,039"
"2012-02-01","B&T","21,540,526"
"2012-02-01","MNR","6,265,035"
"2012-03-01","B&T","24,224,899"
"2012-03-01","MNR","6,994,606"
"2012-04-01","B&T","23,927,256"
"2012-04-01","MNR","6,831,738"
"2012-05-01","B&T","25,487,361"
"2012-05-01","MNR","7,094,282"
"2012-06-01","B&T","25,516,755"
"2012-06-01","MNR","7,121,125"
"2012-07-01","B&T","25,161,554"
"2012-07-01","MNR","7,062,979"
"2012-08-01","B&T","25,947,715"
"2012-08-01","MNR","7,192,537"
"2012-09-01","B&T","24,037,363"
"2012-09-01","MNR","6,618,194"
"2012-10-01","B&T","23,242,718"
"2012-10-01","MNR","6,639,905"
"2012-11-01","B&T","21,345,408"
"2012-11-01","MNR","6,211,787"
"2012-12-01","B&T","23,688,503"
"2012-12-01","MNR","6,901,053"
"2013-01-01","B&T","22,576,303"
"2013-01-01","MNR","6,559,572"
"2013-02-01","B&T","20,084,319"
"2013-02-01","MNR","5,883,759"
"2013-03-01","B&T","23,650,309"
"2013-03-01","MNR","6,827,779"
"2013-04-01","B&T","23,916,180"
"2013-04-01","MNR","6,973,346"
"2013-05-01","B&T","25,329,798"
"2013-05-01","MNR","7,061,067"
"2013-06-01","B&T","25,006,128"
"2013-06-01","MNR","6,959,429"
"2013-07-01","B&T","25,161,936"
"2013-07-01","MNR","7,156,528"
"2013-08-01","B&T","25,905,144"
"2013-08-01","MNR","6,995,610"
"2013-09-01","B&T","24,083,596"
"2013-09-01","MNR","6,659,062"
"2013-10-01","B&T","25,324,457"
"2013-10-01","MNR","7,243,522"
"2013-11-01","B&T","23,456,183"
"2013-11-01","MNR","6,614,618"
"2013-12-01","B&T","23,298,003"
"2013-12-01","MNR","6,927,541"
"2014-01-01","B&T","21,019,162"
"2014-01-01","MNR","6,398,208"
"2014-02-01","B&T","18,939,446"
"2014-02-01","MNR","5,846,639"
"2014-03-01","B&T","23,704,780"
"2014-03-01","MNR","6,684,169"
"2014-04-01","B&T","24,107,629"
"2014-04-01","MNR","7,018,716"
"2014-05-01","B&T","25,942,604"
"2014-05-01","MNR","7,028,443"
"2014-06-01","B&T","25,646,106"
"2014-06-01","MNR","7,213,680"
"2014-07-01","B&T","25,704,941"
"2014-07-01","MNR","7,366,433"
"2014-08-01","B&T","26,211,080"
"2014-08-01","MNR","6,935,605"
"2014-09-01","B&T","24,762,381"
"2014-09-01","MNR","7,072,104"
"2014-10-01","B&T","25,472,271"
"2014-10-01","MNR","7,499,635"
"2014-11-01","B&T","23,646,478"
"2014-11-01","MNR","6,555,045"
"2014-12-01","B&T","24,479,703"
"2014-12-01","MNR","7,356,438"
"2015-01-01","B&T","21,240,641"
"2015-01-01","MNR","6,173,387"
"2015-02-01","B&T","20,223,868"
"2015-02-01","MNR","5,849,842"
"2015-03-01","B&T","24,114,600"
"2015-03-01","MNR","7,018,867"
"2015-04-01","B&T","25,092,481"
"2015-04-01","MNR","7,134,749"
"2015-05-01","B&T","26,787,746"
"2015-05-01","MNR","7,034,781"
"2015-06-01","B&T","26,408,745"
"2015-06-01","MNR","7,450,980"
"2015-07-01","B&T","27,166,917"
"2015-07-01","MNR","7,487,082"
"2015-08-01","B&T","27,435,839"
"2015-08-01","MNR","7,050,090"
"2015-09-01","B&T","25,455,237"
"2015-09-01","MNR","7,199,158"
"2015-10-01","B&T","26,488,811"
"2015-10-01","MNR","7,513,133"
"2015-11-01","B&T","25,048,798"
"2015-11-01","MNR","6,859,735"
"2015-12-01","B&T","25,657,663"
"2015-12-01","MNR","7,486,227"
"2016-01-01","B&T","22,457,720"
"2016-01-01","MNR","6,340,920"
"2016-02-01","B&T","22,617,310"
"2016-02-01","MNR","6,313,644"
"2016-03-01","B&T","25,954,972"
"2016-03-01","MNR","7,378,875"
"2016-04-01","B&T","25,720,788"
"2016-04-01","MNR","6,980,262"
"2016-05-01","B&T","27,305,121"
"2016-05-01","MNR","7,052,626"
"2016-06-01","B&T","27,547,017"
"2016-06-01","MNR","7,526,378"
"2016-07-01","B&T","27,528,163"
"2016-07-01","MNR","7,097,402"
"2016-08-01","B&T","27,874,573"
"2016-08-01","MNR","7,288,957"
"2016-09-01","B&T","26,310,302"
"2016-09-01","MNR","7,123,552"
"2016-10-01","B&T","26,274,222"
"2016-10-01","MNR","7,321,189"
"2016-11-01","B&T","25,382,048"
"2016-11-01","MNR","7,104,083"
"2016-12-01","B&T","25,523,374"
"2016-12-01","MNR","7,280,395"
"2017-01-01","B&T","23,678,030"
"2017-01-01","MNR","6,740,205"
"2017-02-01","B&T","21,817,096"
"2017-02-01","MNR","6,255,704"
"2017-03-01","B&T","24,825,216"
"2017-03-01","MNR","7,308,653"
"2017-04-01","B&T","25,563,307"
"2017-04-01","MNR","7,015,523"
"2017-05-01","B&T","26,934,051"
"2017-05-01","MNR","7,464,531"
"2017-06-01","B&T","27,312,088"
"2017-06-01","MNR","7,708,077"
"2017-07-01","B&T","27,666,919"
"2017-07-01","MNR","7,244,976"
"2017-08-01","B&T","28,400,644"
"2017-08-01","MNR","7,507,575"
"2017-09-01","B&T","26,685,639"
"2017-09-01","MNR","7,083,644"
"2017-10-01","B&T","27,200,556"
"2017-10-01","MNR","7,730,577"
"2017-11-01","B&T","26,080,331"
"2017-11-01","MNR","7,277,877"
"2017-12-01","B&T","25,865,411"
"2017-12-01","MNR","7,160,806"
"2018-01-01","B&T","23,864,492"
"2018-01-01","Bus","45,398,837"
"2018-01-01","MNR","6,764,660"
"2018-01-01","Subway","134,683,435"
"2018-02-01","B&T","22,860,783"
"2018-02-01","Bus","44,719,811"
"2018-02-01","MNR","6,246,009"
"2018-02-01","Subway","127,432,835"
"2018-03-01","B&T","25,806,229"
"2018-03-01","Bus","49,751,875"
"2018-03-01","MNR","7,136,383"
"2018-03-01","Subway","143,982,923"
"2018-04-01","B&T","26,642,983"
"2018-04-01","Bus","48,544,481"
"2018-04-01","MNR","7,114,637"
"2018-04-01","Subway","141,950,369"
"2018-05-01","B&T","28,357,016"
"2018-05-01","Bus","51,833,732"
"2018-05-01","MNR","7,544,006"
"2018-05-01","Subway","150,320,833"
"2018-06-01","B&T","28,668,259"
"2018-06-01","Bus","47,637,082"
"2018-06-01","MNR","7,596,231"
"2018-06-01","Subway","142,709,768"
"2018-07-01","B&T","28,683,283"
"2018-07-01","Bus","46,047,617"
"2018-07-01","MNR","7,403,479"
"2018-07-01","Subway","136,167,499"
"2018-08-01","B&T","29,401,598"
"2018-08-01","Bus","46,810,522"
"2018-08-01","MNR","7,456,258"
"2018-08-01","Subway","136,806,572"
"2018-09-01","B&T","27,293,147"
"2018-09-01","Bus","46,842,647"
"2018-09-01","MNR","6,935,011"
"2018-09-01","Subway","134,989,959"
"2018-10-01","B&T","28,425,771"
"2018-10-01","Bus","51,989,419"
"2018-10-01","MNR","7,865,799"
"2018-10-01","Subway","154,116,408"
"2018-11-01","B&T","26,701,191"
"2018-11-01","Bus","45,751,957"
"2018-11-01","MNR","7,230,193"
"2018-11-01","Subway","140,711,661"
"2018-12-01","B&T","27,066,586"
"2018-12-01","Bus","44,033,258"
"2018-12-01","MNR","7,229,500"
"2018-12-01","Subway","136,188,140"
"2019-01-01","AAR","880,435.93"
"2019-01-01","BT","25,005,762"
"2019-01-01","LIRR","7,166,693.19"
"2019-01-01","MNR","6,714,443.5"
"2019-01-01","MTA Bus","9,666,625"
"2019-01-01","NYCT Bus","44,510,954.36"
"2019-01-01","SIR","380,333.5"
"2019-01-01","Subway","134,509,588"
"2019-02-01","AAR","856,934.89"
"2019-02-01","BT","23,532,562"
"2019-02-01","LIRR","6,544,350.5"
"2019-02-01","MNR","6,097,879.5"
"2019-02-01","MTA Bus","9,024,999"
"2019-02-01","NYCT Bus","42,164,341.64"
"2019-02-01","SIR","328,975.5"
"2019-02-01","Subway","126,352,020"
"2019-03-01","AAR","941,311.4"
"2019-03-01","BT","27,332,093"
"2019-03-01","LIRR","7,515,113.2"
"2019-03-01","MNR","6,941,075.4"
"2019-03-01","MTA Bus","10,350,031"
"2019-03-01","NYCT Bus","48,332,718"
"2019-03-01","SIR","380,047"
"2019-03-01","Subway","143,728,590"
"2019-04-01","AAR","931,926.94"
"2019-04-01","BT","27,419,476"
"2019-04-01","LIRR","7,724,038"
"2019-04-01","MNR","7,319,622.6"
"2019-04-01","MTA Bus","10,235,110"
"2019-04-01","NYCT Bus","47,233,653"
"2019-04-01","SIR","356,288"
"2019-04-01","Subway","145,010,815"
"2019-05-01","AAR","916,715.62"
"2019-05-01","BT","29,249,471"
"2019-05-01","LIRR","7,974,946"
"2019-05-01","MNR","7,419,622.67"
"2019-05-01","MTA Bus","10,805,557"
"2019-05-01","NYCT Bus","49,821,536.75"
"2019-05-01","SIR","420,191"
"2019-05-01","Subway","150,784,681"
"2019-06-01","AAR","930,320.27"
"2019-06-01","BT","28,792,254"
"2019-06-01","LIRR","7,736,345"
"2019-06-01","MNR","7,251,906"
"2019-06-01","MTA Bus","9,625,988"
"2019-06-01","NYCT Bus","45,813,003.36"
"2019-06-01","SIR","348,056"
"2019-06-01","Subway","141,446,659"
"2019-07-01","AAR","882,897.64"
"2019-07-01","BT","28,857,383"
"2019-07-01","LIRR","7,990,884"
"2019-07-01","MNR","7,378,992.550000001"
"2019-07-01","MTA Bus","10,158,037.67"
"2019-07-01","NYCT Bus","46,280,661.24"
"2019-07-01","SIR","331,576"
"2019-07-01","Subway","139,447,012"
"2019-08-01","AAR","804,320.42"
"2019-08-01","BT","29,442,733"
"2019-08-01","LIRR","7,921,403"
"2019-08-01","MNR","7,177,389.8"
"2019-08-01","MTA Bus","10,017,322.51"
"2019-08-01","NYCT Bus","45,683,643.5"
"2019-08-01","SIR","312,310"
"2019-08-01","Subway","137,301,528"
"2019-09-01","AAR","874,644.92"
"2019-09-01","BT","27,785,633"
"2019-09-01","LIRR","7,540,043"
"2019-09-01","MNR","7,010,975.0600000005"
"2019-09-01","MTA Bus","10,392,960.81"
"2019-09-01","NYCT Bus","48,114,705.85"
"2019-09-01","SIR","365,659"
"2019-09-01","Subway","143,268,789"
"2019-10-01","AAR","980,716.22"
"2019-10-01","BT","28,109,963"
"2019-10-01","LIRR","8,108,240"
"2019-10-01","MNR","7,720,112"
"2019-10-01","MTA Bus","10,953,854.95"
"2019-10-01","NYCT Bus","50,451,610.33"
"2019-10-01","SIR","401,647"
"2019-10-01","Subway","155,315,738"
"2019-11-01","AAR","928,407.62"
"2019-11-01","BT","26,913,543"
"2019-11-01","LIRR","7,215,882"
"2019-11-01","MNR","6,817,377.99"
"2019-11-01","MTA Bus","9,814,744.4"
"2019-11-01","NYCT Bus","45,349,394.35"
"2019-11-01","SIR","339,080"
"2019-11-01","Subway","140,724,722"
"2019-12-01","AAR","989,585.54"
"2019-12-01","BT","26,955,736"
"2019-12-01","LIRR","7,667,200"
"2019-12-01","MNR","7,130,978.6899999995"
"2019-12-01","MTA Bus","9,386,745.42"
"2019-12-01","NYCT Bus","43,280,282.22"
"2019-12-01","SIR","336,326"
"2019-12-01","Subway","139,896,860"
"2020-01-01","AAR","937,440"
"2020-01-01","BT","25,368,494"
"2020-01-01","LIRR","7,171,718.66"
"2020-01-01","MNR","6,736,773.779999999"
"2020-01-01","MTA Bus","9,814,827.67"
"2020-01-01","NYCT Bus","45,145,397"
"2020-01-01","SIR","360,943"
"2020-01-01","Subway","138,446,295"
"2020-02-01","AAR","966,447"
"2020-02-01","BT","24,540,667"
"2020-02-01","LIRR","6,640,006.7"
"2020-02-01","MNR","6,197,253.1"
"2020-02-01","MTA Bus","9,290,691.83"
"2020-02-01","NYCT Bus","43,129,229.34"
"2020-02-01","SIR","321,294"
"2020-02-01","Subway","130,902,123"
"2020-03-01","AAR","649,701"
"2020-03-01","BT","18,934,838"
"2020-03-01","LIRR","3,274,069.01"
"2020-03-01","MNR","2,783,356.64"
"2020-03-01","MTA Bus","5,719,194.8"
"2020-03-01","NYCT Bus","26,152,590.13"
"2020-03-01","SIR","200,584"
"2020-03-01","Subway","73,639,342"
"2020-04-01","AAR","209,889"
"2020-04-01","BT","9,730,391"
"2020-04-01","LIRR","253,571.4"
"2020-04-01","MNR","434,767.00000000006"
"2020-04-01","MTA Bus","109,246.69"
"2020-04-01","NYCT Bus","362,266.19"
"2020-04-01","SIR","19,677"
"2020-04-01","Subway","11,795,394"
"2020-05-01","AAR","289,460"
"2020-05-01","BT","14,953,991"
"2020-05-01","LIRR","515,917.86000000004"
"2020-05-01","MNR","497,247.32"
"2020-05-01","MTA Bus","120,994.94"
"2020-05-01","NYCT Bus","289,710.71"
"2020-05-01","SIR","23,457"
"2020-05-01","Subway","15,316,407"
"2020-06-01","AAR","410,329"
"2020-06-01","BT","20,001,850"
"2020-06-01","LIRR","1,113,087"
"2020-06-01","MNR","826,482.7999999999"
"2020-06-01","MTA Bus","200,771.02"
"2020-06-01","NYCT Bus","457,603.84"
"2020-06-01","SIR","41,174"
"2020-06-01","Subway","23,911,163"
"2020-07-01","AAR","498,287"
"2020-07-01","BT","23,322,086"
"2020-07-01","LIRR","1,621,374.7"
"2020-07-01","MNR","1,301,423.97"
"2020-07-01","MTA Bus","269,627.51"
"2020-07-01","NYCT Bus","558,480.32"
"2020-07-01","SIR","62,304"
"2020-07-01","Subway","32,482,176"
"2020-08-01","AAR","560,794"
"2020-08-01","BT","24,423,978"
"2020-08-01","LIRR","1,747,283.8"
"2020-08-01","MNR","1,336,837.7999999998"
"2020-08-01","MTA Bus","433,842.89"
"2020-08-01","NYCT Bus","1,175,266.5"
"2020-08-01","SIR","64,780"
"2020-08-01","Subway","35,153,119"
"2020-09-01","AAR","593,471"
"2020-09-01","BT","24,002,326"
"2020-09-01","LIRR","2,041,823.15"
"2020-09-01","MNR","1,670,821.38"
"2020-09-01","MTA Bus","5,020,533"
"2020-09-01","NYCT Bus","23,046,563"
"2020-09-01","SIR","77,710"
"2020-09-01","Subway","42,660,693"
"2020-10-01","AAR","708,229"
"2020-10-01","BT","24,436,257"
"2020-10-01","LIRR","2,174,852.8"
"2020-10-01","MNR","1,825,626.8"
"2020-10-01","MTA Bus","5,397,034"
"2020-10-01","NYCT Bus","24,717,226"
"2020-10-01","SIR","97,118"
"2020-10-01","Subway","47,957,127"
"2020-11-01","AAR","649,352"
"2020-11-01","BT","21,889,990"
"2020-11-01","LIRR","1,896,355"
"2020-11-01","MNR","1,531,147.79"
"2020-11-01","MTA Bus","4,826,314"
"2020-11-01","NYCT Bus","22,223,328"
"2020-11-01","SIR","77,847"
"2020-11-01","Subway","43,618,698"
"2020-12-01","AAR","643,662"
"2020-12-01","BT","21,579,179"
"2020-12-01","LIRR","1,860,130"
"2020-12-01","MNR","1,434,801.3299999998"
"2020-12-01","MTA Bus","4,717,722"
"2020-12-01","NYCT Bus","21,589,388"
"2020-12-01","SIR","78,744"
"2020-12-01","Subway","43,658,492"
"2021-01-01","AAR","614,035"
"2021-01-01","BT","21,014,716"
"2021-01-01","LIRR","1,730,014.45"
"2021-01-01","MNR","1,354,157.76"
"2021-01-01","MTA Bus","4,513,258"
"2021-01-01","NYCT Bus","20,769,132"
"2021-01-01","SIR","81,492"
"2021-01-01","Subway","41,123,531"
"2021-02-01","AAR","495,819"
"2021-02-01","BT","18,255,564"
"2021-02-01","LIRR","1,586,864.5"
"2021-02-01","MNR","1,271,203.5"
"2021-02-01","MTA Bus","4,144,587"
"2021-02-01","NYCT Bus","18,822,957"
"2021-02-01","SIR","77,293"
"2021-02-01","Subway","39,170,408"
"2021-03-01","AAR","669,737"
"2021-03-01","BT","24,335,629"
"2021-03-01","LIRR","2,092,132"
"2021-03-01","MNR","1,705,606"
"2021-03-01","MTA Bus","5,364,129"
"2021-03-01","NYCT Bus","24,533,046"
"2021-03-01","SIR","91,130"
"2021-03-01","Subway","51,395,341"
"2021-04-01","AAR","664,966"
"2021-04-01","BT","24,896,449"
"2021-04-01","LIRR","2,199,647.8"
"2021-04-01","MNR","1,853,507.4"
"2021-04-01","MTA Bus","5,470,547"
"2021-04-01","NYCT Bus","25,009,678"
"2021-04-01","SIR","108,921"
"2021-04-01","Subway","53,236,649"
"2021-05-01","AAR","675,114.02"
"2021-05-01","BT","26,848,127"
"2021-05-01","LIRR","2,511,071.32"
"2021-05-01","MNR","2,226,821.96"
"2021-05-01","MTA Bus","5,769,080.1"
"2021-05-01","NYCT Bus","25,960,719.38"
"2021-05-01","SIR","98,984"
"2021-05-01","Subway","58,397,777"
"2021-06-01","AAR","699,059"
"2021-06-01","BT","27,835,062"
"2021-06-01","LIRR","3,107,639.8"
"2021-06-01","MNR","2,696,800.4"
"2021-06-01","MTA Bus","6,114,454"
"2021-06-01","NYCT Bus","26,925,261"
"2021-06-01","SIR","112,775"
"2021-06-01","Subway","65,475,928"
"2021-07-01","AAR","677,175.59"
"2021-07-01","BT","28,032,603"
"2021-07-01","LIRR","3,309,454.25"
"2021-07-01","MNR","2,883,705.61"
"2021-07-01","MTA Bus","6,195,930"
"2021-07-01","NYCT Bus","26,905,110"
"2021-07-01","SIR","115,520"
"2021-07-01","Subway","66,973,313"
"2021-08-01","AAR","680,625"
"2021-08-01","BT","28,090,238"
"2021-08-01","LIRR","3,294,846.4"
"2021-08-01","MNR","2,773,378"
"2021-08-01","MTA Bus","6,238,307"
"2021-08-01","NYCT Bus","26,682,112"
"2021-08-01","SIR","117,585"
"2021-08-01","Subway","66,418,585"
"2021-09-01","AAR","668,513"
"2021-09-01","BT","27,057,244"
"2021-09-01","LIRR","3,630,469.4"
"2021-09-01","MNR","3,044,981.3899999997"
"2021-09-01","MTA Bus","6,776,694"
"2021-09-01","NYCT Bus","28,986,728"
"2021-09-01","SIR","148,918"
"2021-09-01","Subway","73,405,353"
"2021-10-01","AAR","687,217"
"2021-10-01","BT","28,079,713"
"2021-10-01","LIRR","3,940,612"
"2021-10-01","MNR","3,550,859.8"
"2021-10-01","MTA Bus","7,297,676"
"2021-10-01","NYCT Bus","30,875,205"
"2021-10-01","SIR","167,411"
"2021-10-01","Subway","83,415,225"
"2021-11-01","AAR","644,716"
"2021-11-01","BT","26,841,772"
"2021-11-01","LIRR","3,949,969"
"2021-11-01","MNR","3,554,299.61"
"2021-11-01","MTA Bus","6,891,506"
"2021-11-01","NYCT Bus","28,904,472"
"2021-11-01","SIR","182,918"
"2021-11-01","Subway","82,331,344"
"2021-12-01","AAR","635,911"
"2021-12-01","BT","26,015,011"
"2021-12-01","LIRR","3,684,025.38"
"2021-12-01","MNR","3,186,759.0199999996"
"2021-12-01","MTA Bus","6,655,299"
"2021-12-01","NYCT Bus","27,519,169"
"2021-12-01","SIR","164,787"
"2021-12-01","Subway","78,633,267"
"2022-01-01","AAR","558,704"
"2022-01-01","BT","22,027,385"
"2022-01-01","LIRR","2,750,138.2"
"2022-01-01","MNR","2,309,183.6"
"2022-01-01","MTA Bus","5,589,772"
"2022-01-01","NYCT Bus","23,255,396"
"2022-01-01","SIR","137,590"
"2022-01-01","Subway","63,547,386"
"2022-02-01","AAR","620,161"
"2022-02-01","BT","23,453,884"
"2022-02-01","LIRR","3,180,252.5"
"2022-02-01","MNR","2,762,415.5"
"2022-02-01","MTA Bus","5,935,627"
"2022-02-01","NYCT Bus","24,780,919"
"2022-02-01","SIR","145,316"
"2022-02-01","Subway","70,027,806"
"2022-03-01","AAR","770,886"
"2022-03-01","BT","27,361,079"
"2022-03-01","LIRR","4,371,239"
"2022-03-01","MNR","3,939,193"
"2022-03-01","MTA Bus","7,435,153"
"2022-03-01","NYCT Bus","30,731,752"
"2022-03-01","SIR","194,498"
"2022-03-01","Subway","87,296,932"
"2022-04-01","AAR","752,442"
"2022-04-01","BT","27,396,543"
"2022-04-01","LIRR","4,170,714.8"
"2022-04-01","MNR","3,846,457.6"
"2022-04-01","MTA Bus","6,927,147"
"2022-04-01","NYCT Bus","28,964,843"
"2022-04-01","SIR","160,878"
"2022-04-01","Subway","83,458,044"
"2022-05-01","AAR","768,510"
"2022-05-01","BT","28,870,275"
"2022-05-01","LIRR","4,468,669.800000001"
"2022-05-01","MNR","4,065,576.56"
"2022-05-01","MTA Bus","7,217,396"
"2022-05-01","NYCT Bus","30,454,123"
"2022-05-01","SIR","180,045"
"2022-05-01","Subway","87,807,398"
"2022-06-01","AAR","784,853"
"2022-06-01","BT","28,850,283"
"2022-06-01","LIRR","4,847,813.6"
"2022-06-01","MNR","4,401,347.2"
"2022-06-01","MTA Bus","7,154,058"
"2022-06-01","NYCT Bus","29,809,526"
"2022-06-01","SIR","176,302"
"2022-06-01","Subway","88,064,005"
"2022-07-01","AAR","773,269"
"2022-07-01","BT","28,709,393"
"2022-07-01","LIRR","4,511,503.159999999"
"2022-07-01","MNR","4,072,030.33"
"2022-07-01","MTA Bus","6,722,847"
"2022-07-01","NYCT Bus","28,225,901"
"2022-07-01","SIR","136,617"
"2022-07-01","Subway","80,700,784"
"2022-08-01","AAR","837,770"
"2022-08-01","BT","29,193,767"
"2022-08-01","LIRR","4,760,161"
"2022-08-01","MNR","4,204,671"
"2022-08-01","MTA Bus","7,011,539.81"
"2022-08-01","NYCT Bus","29,190,291.15"
"2022-08-01","SIR","145,974.8"
"2022-08-01","Subway","83,116,207"
"2022-09-01","AAR","816,047"
"2022-09-01","BT","28,141,660"
"2022-09-01","LIRR","4,997,250.800000001"
"2022-09-01","MNR","4,540,175.93"
"2022-09-01","MTA Bus","7,339,892"
"2022-09-01","NYCT Bus","30,439,385"
"2022-09-01","SIR","184,153"
"2022-09-01","Subway","91,067,002"
"2022-10-01","AAR","828,460"
"2022-10-01","BT","28,333,321"
"2022-10-01","LIRR","4,943,908.4"
"2022-10-01","MNR","4,745,515.4"
"2022-10-01","MTA Bus","7,399,768"
"2022-10-01","NYCT Bus","30,686,448"
"2022-10-01","SIR","185,090"
"2022-10-01","Subway","95,228,073"
"2022-11-01","AAR","826,608"
"2022-11-01","BT","26,910,144"
"2022-11-01","LIRR","4,778,906.24"
"2022-11-01","MNR","4,546,269.0600000005"
"2022-11-01","MTA Bus","7,065,112"
"2022-11-01","NYCT Bus","29,015,658"
"2022-11-01","SIR","188,105"
"2022-11-01","Subway","90,951,945"
"2022-12-01","AAR","815,894"
"2022-12-01","BT","27,056,085"
"2022-12-01","LIRR","4,759,964.800000001"
"2022-12-01","MNR","4,526,614.01"
"2022-12-01","MTA Bus","6,811,073"
"2022-12-01","NYCT Bus","27,538,720"
"2022-12-01","SIR","174,585"
"2022-12-01","Subway","92,159,883"
"2023-01-01","AAR","829,178"
"2023-01-01","BT","25,739,508"
"2023-01-01","LIRR","4,632,770.8"
"2023-01-01","MNR","4,401,681.88"
"2023-01-01","MTA Bus","6,895,416"
"2023-01-01","NYCT Bus","28,312,599"
"2023-01-01","SIR","184,342"
"2023-01-01","Subway","88,997,973"
"2023-02-01","AAR","801,617"
"2023-02-01","BT","23,923,838"
"2023-02-01","LIRR","4,296,379.5"
"2023-02-01","MNR","3,872,227.2"
"2023-02-01","MTA Bus","6,548,294"
"2023-02-01","NYCT Bus","26,621,222"
"2023-02-01","SIR","161,777"
"2023-02-01","Subway","84,364,006"
"2023-03-01","AAR","935,334"
"2023-03-01","BT","27,885,442"
"2023-03-01","LIRR","5,235,497"
"2023-03-01","MNR","4,789,119"
"2023-03-01","MTA Bus","7,896,919"
"2023-03-01","NYCT Bus","31,834,944"
"2023-03-01","SIR","205,880"
"2023-03-01","Subway","101,147,710"
"2023-04-01","AAR","883,681"
"2023-04-01","BT","27,399,710"
"2023-04-01","LIRR","4,988,126"
"2023-04-01","MNR","4,664,348"
"2023-04-01","MTA Bus","6,986,550"
"2023-04-01","NYCT Bus","28,689,898"
"2023-04-01","SIR","172,132"
"2023-04-01","Subway","94,267,491"
"2023-05-01","AAR","949,070"
"2023-05-01","BT","29,737,524"
"2023-05-01","LIRR","5,634,423.470000001"
"2023-05-01","MNR","5,254,043.48"
"2023-05-01","MTA Bus","7,966,114"
"2023-05-01","NYCT Bus","31,698,626"
"2023-05-01","SIR","209,461"
"2023-05-01","Subway","104,532,854"
"2023-06-01","AAR","925,964"
"2023-06-01","BT","29,347,979"
"2023-06-01","LIRR","5,768,267"
"2023-06-01","MNR","5,189,073.2"
"2023-06-01","MTA Bus","7,392,631"
"2023-06-01","NYCT Bus","29,098,672"
"2023-06-01","SIR","185,529"
"2023-06-01","Subway","97,823,227"
"2023-07-01","AAR","915,715"
"2023-07-01","BT","29,296,301"
"2023-07-01","LIRR","5,517,014.36"
"2023-07-01","MNR","4,858,663.8100000005"
"2023-07-01","MTA Bus","7,027,501"
"2023-07-01","NYCT Bus","27,802,733"
"2023-07-01","SIR","154,544"
"2023-07-01","Subway","91,228,642"
"2023-08-01","AAR","983,118"
"2023-08-01","BT","29,658,051"
"2023-08-01","LIRR","5,857,735"
"2023-08-01","MNR","5,023,068"
"2023-08-01","MTA Bus","7,333,164"
"2023-08-01","NYCT Bus","28,616,725"
"2023-08-01","SIR","168,546"
"2023-08-01","Subway","94,151,472"
"2023-09-01","AAR","903,131"
"2023-09-01","BT","27,776,343"
"2023-09-01","LIRR","5,569,954.36"
"2023-09-01","MNR","4,901,564.72"
"2023-09-01","MTA Bus","7,091,388"
"2023-09-01","NYCT Bus","27,842,423"
"2023-09-01","SIR","187,959"
"2023-09-01","Subway","95,324,813"
"2023-10-01","AAR","999,343"
"2023-10-01","BT","29,003,344"
"2023-10-01","LIRR","6,032,844.67"
"2023-10-01","MNR","5,549,328.4"
"2023-10-01","MTA Bus","7,628,872"
"2023-10-01","NYCT Bus","29,130,543"
"2023-10-01","SIR","216,273"
"2023-10-01","Subway","104,418,785"
"2023-11-01","AAR","971,442"
"2023-11-01","BT","27,665,194"
"2023-11-01","LIRR","5,845,387.82"
"2023-11-01","MNR","5,344,863.100000001"
"2023-11-01","MTA Bus","6,977,570"
"2023-11-01","NYCT Bus","26,572,185"
"2023-11-01","SIR","201,202"
"2023-11-01","Subway","98,545,501"
"2023-12-01","AAR","967,966"
"2023-12-01","BT","27,686,588"
"2023-12-01","LIRR","5,860,430.2"
"2023-12-01","MNR","5,278,947.47"
"2023-12-01","MTA Bus","6,472,247"
"2023-12-01","NYCT Bus","24,545,828"
"2023-12-01","SIR","182,014"
"2023-12-01","Subway","97,195,684"
"2024-01-01","AAR","932,149"
"2024-01-01","BT","25,367,879"
"2024-01-01","LIRR","5,490,105.37"
"2024-01-01","MNR","4,912,639.84"
"2024-01-01","MTA Bus","6,607,430"
"2024-01-01","NYCT Bus","24,991,585"
"2024-01-01","SIR","190,031"
"2024-01-01","Subway","91,506,179"
"2024-02-01","AAR","950,075"
"2024-02-01","BT","25,053,224"
"2024-02-01","LIRR","5,331,553.68"
"2024-02-01","MNR","4,627,862.09"
"2024-02-01","MTA Bus","6,474,367"
"2024-02-01","NYCT Bus","24,769,351"
"2024-02-01","SIR","176,402"
"2024-02-01","Subway","90,320,025"
"2024-03-01","AAR","1,092,172"
"2024-03-01","BT","28,056,777"
"2024-03-01","LIRR","5,966,184.33"
"2024-03-01","MNR","5,226,894.2"
"2024-03-01","MTA Bus","7,045,571"
"2024-03-01","NYCT Bus","26,950,075"
"2024-03-01","SIR","198,568"
"2024-03-01","Subway","99,998,718"
"2024-04-01","AAR","1,071,416"
"2024-04-01","BT","27,585,691"
"2024-04-01","LIRR","6,089,803.6"
"2024-04-01","MNR","5,488,587.8"
"2024-04-01","MTA Bus","6,930,840"
"2024-04-01","NYCT Bus","26,393,470"
"2024-04-01","SIR","189,724"
"2024-04-01","Subway","100,170,784"
"2024-05-01","AAR","1,145,920"
"2024-05-01","BT","29,675,741"
"2024-05-01","LIRR","6,515,861"
"2024-05-01","MNR","5,797,685.82"
"2024-05-01","MTA Bus","7,325,074"
"2024-05-01","NYCT Bus","27,703,586"
"2024-05-01","SIR","214,219"
"2024-05-01","Subway","105,912,354"
"2024-06-01","AAR","1,107,227"
"2024-06-01","BT","29,419,221"
"2024-06-01","LIRR","6,439,776"
"2024-06-01","MNR","5,658,908"
"2024-06-01","MTA Bus","6,813,754"
"2024-06-01","NYCT Bus","25,580,508"
"2024-06-01","SIR","184,080"
"2024-06-01","Subway","96,641,726"
"2024-07-01","AAR","1,144,451"
"2024-07-01","BT","29,293,333"
"2024-07-01","LIRR","6,484,807.93"
"2024-07-01","MNR","5,671,529.7299999995"
"2024-07-01","MTA Bus","6,938,683"
"2024-07-01","NYCT Bus","25,656,392"
"2024-07-01","SIR","172,023"
"2024-07-01","Subway","93,945,533"
"2024-08-01","AAR","1,168,201"
"2024-08-01","BT","29,486,491"
"2024-08-01","LIRR","6,488,724.2"
"2024-08-01","MNR","5,364,310"
"2024-08-01","MTA Bus","6,825,309"
"2024-08-01","NYCT Bus","25,040,092"
"2024-08-01","SIR","165,944"
"2024-08-01","Subway","92,864,706"
"2024-09-01","AAR","1,157,193"
"2024-09-01","BT","28,461,553"
"2024-09-01","LIRR","6,655,643.92"
"2024-09-01","MNR","5,703,149.5600000005"
"2024-09-01","MTA Bus","7,590,721"
"2024-09-01","NYCT Bus","29,542,925"
"2024-09-01","SIR","203,650"
"2024-09-01","Subway","103,475,187"
"2024-10-01","AAR","1,244,683"
"2024-10-01","BT","29,325,591"
"2024-10-01","LIRR","7,153,921"
"2024-10-01","MNR","6,443,722"
"2024-10-01","MTA Bus","8,251,051"
"2024-10-01","NYCT Bus","31,992,681"
"2024-10-01","SIR","224,901"
"2024-10-01","Subway","113,439,670"
"2024-11-01","AAR","1,150,927"
"2024-11-01","BT","27,483,486"
"2024-11-01","LIRR","6,283,873.3"
"2024-11-01","MNR","5,621,074.699999999"
"2024-11-01","MTA Bus","7,278,726"
"2024-11-01","NYCT Bus","28,295,967"
"2024-11-01","SIR","192,186"
"2024-11-01","Subway","102,591,977"
"2024-12-01","AAR","1,146,176"
"2024-12-01","BT","28,100,743"
"2024-12-01","LIRR","6,610,134.800000001"
"2024-12-01","MNR","5,777,486.05"
"2024-12-01","MTA Bus","7,047,529.95"
"2024-12-01","NYCT Bus","26,988,083.9"
"2024-12-01","SIR","187,139"
"2024-12-01","Subway","103,999,498"
"2025-01-01","AAR","1,148,459"
"2025-01-01","BT","25,528,678"
"2025-01-01","LIRR","6,107,201.8"
"2025-01-01","MNR","5,269,402.43"
"2025-01-01","MTA Bus","7,189,958.62"
"2025-01-01","NYCT Bus","28,045,404.86"
"2025-01-01","SIR","187,674"
"2025-01-01","Subway","98,779,514"
"2025-02-01","AAR","1,098,158"
"2025-02-01","BT","23,725,135"
"2025-02-01","LIRR","5,558,816"
"2025-02-01","MNR","4,731,909.7"
"2025-02-01","MTA Bus","6,880,826.33"
"2025-02-01","NYCT Bus","26,885,830.65"
"2025-02-01","SIR","171,487"
"2025-02-01","Subway","94,031,396"
"2025-03-01","AAR","1,286,138"
"2025-03-01","BT","28,091,451"
"2025-03-01","LIRR","6,584,979.6"
"2025-03-01","MNR","5,679,940.800000001"
"2025-03-01","MTA Bus","8,038,699"
"2025-03-01","NYCT Bus","31,346,409"
"2025-03-01","SIR","206,994"
"2025-03-01","Subway","108,318,053"
"2025-04-01","AAR","1,296,835"
"2025-04-01","BT","28,016,791.23"
"2025-04-01","LIRR","6,793,391.6"
"2025-04-01","MNR","5,934,597.6"
"2025-04-01","MTA Bus","7,919,654"
"2025-04-01","NYCT Bus","31,061,966"
"2025-04-01","SIR","206,174"
"2025-04-01","Subway","110,007,806"
"2025-05-01","AAR","1,328,435"
"2025-05-01","BT","29,948,241"
"2025-05-01","LIRR","7,023,813.4"
"2025-05-01","MNR","6,089,872.6899999995"
"2025-05-01","MTA Bus","8,025,181"
"2025-05-01","NYCT Bus","31,573,970"
"2025-05-01","SIR","217,508"
"2025-05-01","Subway","113,306,603"
"2025-06-01","AAR","1,296,353"
"2025-06-01","BT","29,363,295"
"2025-06-01","LIRR","6,866,044.55"
"2025-06-01","MNR","6,009,895.84"
"2025-06-01","MTA Bus","7,590,582"
"2025-06-01","NYCT Bus","29,865,546"
"2025-06-01","SIR","197,673"
"2025-06-01","Subway","106,384,359"
"2025-07-01","AAR","1,380,929"
"2025-07-01","BT","29,877,442"
"2025-07-01","LIRR","7,282,988"
"2025-07-01","MNR","6,189,241.279999999"
"2025-07-01","MTA Bus","7,912,220"
"2025-07-01","NYCT Bus","30,568,781"
"2025-07-01","SIR","195,889"
"2025-07-01","Subway","106,034,616"
"2025-08-01","AAR","1,380,120"
"2025-08-01","BT","30,238,543"
"2025-08-01","LIRR","7,162,617"
"2025-08-01","MNR","5,726,474.499999999"
"2025-08-01","MTA Bus","7,553,000"
"2025-08-01","NYCT Bus","29,362,893"
"2025-08-01","SIR","182,375"
"2025-08-01","Subway","102,062,369"
"2025-09-01","AAR","1,349,831"
"2025-09-01","BT","0"
"2025-09-01","LIRR","7,358,859.800000001"
"2025-09-01","MNR","6,174,001.88"
"2025-09-01","MTA Bus","7,735,427"
"2025-09-01","NYCT Bus","30,625,465"
"2025-09-01","SIR","204,252"
"2025-09-01","Subway","110,413,764"
"2025-10-01","AAR","1,427,051"
"2025-10-01","BT","0"
"2025-10-01","LIRR","7,442,011"
"2025-10-01","MNR","6,653,837.279999999"
"2025-10-01","MTA Bus","7,726,424"
"2025-10-01","NYCT Bus","30,403,679"
"2025-10-01","SIR","204,480"
"2025-10-01","Subway","115,832,938"
"2025-11-01","AAR","1,331,995"
"2025-11-01","BT","0"
"2025-11-01","LIRR","6,567,587.4"
"2025-11-01","MNR","5,726,862.24"
"2025-11-01","MTA Bus","6,742,378"
"2025-11-01","NYCT Bus","26,505,451"
"2025-11-01","SIR","180,930"
"2025-11-01","Subway","106,140,742"
"2025-12-01","AAR","1,346,153"
"2025-12-01","BT","0"
"2025-12-01","LIRR","7,221,092.6"
"2025-12-01","MNR","6,103,890.17"
"2025-12-01","MTA Bus","6,753,801"
"2025-12-01","NYCT Bus","25,900,697"
"2025-12-01","SIR","188,484"
"2025-12-01","Subway","110,571,202"
"2026-01-01","AAR","1,224,812"
"2026-01-01","LIRR","6,148,471.8"
"2026-01-01","MNR","5,218,504.3"
"2026-01-01","MTA Bus","6,440,734"
"2026-01-01","NYCT Bus","24,902,903"
"2026-01-01","SIR","183,489"
"2026-01-01","Subway","99,637,405"
"2026-02-01","AAR","1,123,339"
"2026-02-01","LIRR","5,542,034.8"
"2026-02-01","MNR","4,715,207.399999999"
"2026-02-01","MTA Bus","5,959,194.35"
"2026-02-01","NYCT Bus","22,455,222"
"2026-02-01","SIR","166,493"
"2026-02-01","Subway","94,757,990"
"2026-03-01","AAR","1,447,546"
"2026-03-01","LIRR","7,233,843.4"
"2026-03-01","MNR","6,098,900.600000001"
"2026-03-01","MTA Bus","7,534,232"
"2026-03-01","NYCT Bus","28,587,152"
"2026-03-01","SIR","220,834"
"2026-03-01","Subway","114,048,227"
