Agency Code,Category Code,Element Code,Project Code,ACEP,Agency Name,Category Description,Element Description,Project Title,Needs Code,Total Budget,Parent ACEP
D,903,AW,9R,D903AW9R,Bridges and Tunnels,TSMO,AGENCY-WIDE,SCADA SYSTEMS,NR,28.48,
T,901,1,1,T9010101,New York City Transit,SUBWAY CARS,SUBWAY CARS,Purchase 355 New B-Division Cars,NR,1775,
T,901,1,2,T9010102,New York City Transit,SUBWAY CARS,SUBWAY CARS,Purchase New A-Division Cars,NR,3950,
T,901,1,3,T9010103,New York City Transit,SUBWAY CARS,SUBWAY CARS,Additional Rolling Stock Support,NR,1891.98,
T,903,2,1,T9030201,New York City Transit,BUSES,BUS REPLACEMENT,Purchase 500 Standard ZEF Buses,VAR,797.14,
T,903,2,2,T9030202,New York City Transit,BUSES,BUS REPLACEMENT,Purchase 855 Standard Buses,NR,849.12,
T,903,2,3,T9030203,New York City Transit,BUSES,BUS REPLACEMENT,Purchase 556 Articulated Buses,NR,719.56,
T,903,2,5,T9030205,New York City Transit,BUSES,BUS REPLACEMENT,Purchase 350 Express Buses,NR,325.86,
T,903,2,7,T9030207,New York City Transit,BUSES,BUS REPLACEMENT,Bus Charging,SI,589.36,
T,903,2,8,T9030208,New York City Transit,BUSES,BUS REPLACEMENT,Bus Technology,SI,12.12,
T,904,4,1,T9040401,New York City Transit,PASSENGER STATIONS,FARE COLLECTION,Next Generation Turnstiles,SI,600,
T,904,7,1,T9040701,New York City Transit,PASSENGER STATIONS,STATION ESCALATORS / ELEVATORS,Replace 45 Elevators,NR,520.48,
T,904,7,2,T9040702,New York City Transit,PASSENGER STATIONS,STATION ESCALATORS / ELEVATORS,Replace 43 Escalators,NR,606.62,
T,904,12,1,T9041201,New York City Transit,PASSENGER STATIONS,STATION WORK,Station Renewals: 10 Locations,SGR,758.05,
T,904,12,2,T9041202,New York City Transit,PASSENGER STATIONS,STATION WORK,Station Components: Various Locations,SGR,2158.72,
T,904,12,3,T9041203,New York City Transit,PASSENGER STATIONS,STATION WORK,SBMP - Stations,SGR,271.2,
T,904,12,4,T9041204,New York City Transit,PASSENGER STATIONS,STATION WORK,Other Station Work,VAR,104.58,
T,904,12,8,T9041208,New York City Transit,PASSENGER STATIONS,STATION WORK,181 St / 8 Av (A line),SGR,,T9041201
T,904,12,9,T9041209,New York City Transit,PASSENGER STATIONS,STATION WORK,Junction Blvd / Flushing (7 line),SGR,,T9041201
T,904,12,10,T9041210,New York City Transit,PASSENGER STATIONS,STATION WORK,51 St / Lexington Av (6 line),SGR,,T9041201
T,904,12,11,T9041211,New York City Transit,PASSENGER STATIONS,STATION WORK,Additional Station Renewals TBD,SGR,,T9041201
T,904,13,RR,T90413RR,New York City Transit,PASSENGER STATIONS,ACCESSIBILITY,ADA Station Investments,SI,6911,
T,904,13,1,T9041301,New York City Transit,PASSENGER STATIONS,ACCESSIBILITY,"Central Park North (110 St) / Lenox (2, 3 lines)",SI,,T90413RR
T,904,13,2,T9041302,New York City Transit,PASSENGER STATIONS,ACCESSIBILITY,23 St / Broadway - 7th Ave (1 line),SI,,T90413RR
T,904,13,3,T9041303,New York City Transit,PASSENGER STATIONS,ACCESSIBILITY,"Van Siclen Av / Jamaica (J, Z lines)",SI,,T90413RR
T,904,13,4,T9041304,New York City Transit,PASSENGER STATIONS,ACCESSIBILITY,"121 St / Jamaica (J, Z lines)",SI,,T90413RR
T,904,13,5,T9041305,New York City Transit,PASSENGER STATIONS,ACCESSIBILITY,"W Farms Sq - E Tremont Av / White Plains Rd (2, 5 lines)",SI,,T90413RR
T,904,13,6,T9041306,New York City Transit,PASSENGER STATIONS,ACCESSIBILITY,Flushing Av / Crosstown (G line),SI,,T90413RR
T,904,13,7,T9041307,New York City Transit,PASSENGER STATIONS,ACCESSIBILITY,Myrtle-Willoughby Avs / Crosstown (G line),SI,,T90413RR
T,904,13,8,T9041308,New York City Transit,PASSENGER STATIONS,ACCESSIBILITY,155 St / Eighth Avenue (C line),SI,,T90413RR
T,904,13,9,T9041309,New York City Transit,PASSENGER STATIONS,ACCESSIBILITY,Elder Av / Pelham (6 line),SI,,T90413RR
T,904,13,10,T9041310,New York City Transit,PASSENGER STATIONS,ACCESSIBILITY,Nostrand Av / Eastern Parkway (3 line),SI,,T90413RR
T,904,13,11,T9041311,New York City Transit,PASSENGER STATIONS,ACCESSIBILITY,"President St / Nostrand (2, 5 lines)",SI,,T90413RR
T,904,13,12,T9041312,New York City Transit,PASSENGER STATIONS,ACCESSIBILITY,"Elmhurst Av / Queens Boulevard (M, R lines)",SI,,T90413RR
T,904,13,13,T9041313,New York City Transit,PASSENGER STATIONS,ACCESSIBILITY,"116 St / Eighth Avenue (B, C lines)",SI,,T90413RR
T,904,13,14,T9041314,New York City Transit,PASSENGER STATIONS,ACCESSIBILITY,Saratoga Av / New Lots (3 line),SI,,T90413RR
T,904,13,15,T9041315,New York City Transit,PASSENGER STATIONS,ACCESSIBILITY,"Sterling St / Nostrand (2, 5 lines)",SI,,T90413RR
T,904,13,16,T9041316,New York City Transit,PASSENGER STATIONS,ACCESSIBILITY,"125 St / Lenox (2, 3 lines)",SI,,T90413RR
T,904,13,17,T9041317,New York City Transit,PASSENGER STATIONS,ACCESSIBILITY,"Smith-9 Sts / Sixth Avenue (F, G lines)",SI,,T90413RR
T,904,13,18,T9041318,New York City Transit,PASSENGER STATIONS,ACCESSIBILITY,Cypress Hills / Jamaica (J line),SI,,T90413RR
T,904,13,19,T9041319,New York City Transit,PASSENGER STATIONS,ACCESSIBILITY,"4 Av-9 St Complex (2 Stations; F, G, R lines)",SI,,T90413RR
T,904,13,20,T9041320,New York City Transit,PASSENGER STATIONS,ACCESSIBILITY,Beach 36 St / Far Rockaway (A line),SI,,T90413RR
T,904,13,21,T9041321,New York City Transit,PASSENGER STATIONS,ACCESSIBILITY,"Beach 90 St / Rockaway (A, S lines)",SI,,T90413RR
T,904,13,22,T9041322,New York City Transit,PASSENGER STATIONS,ACCESSIBILITY,Canal St / Broadway - 7th Avenue (1 line),SI,,T90413RR
T,904,13,23,T9041323,New York City Transit,PASSENGER STATIONS,ACCESSIBILITY,"Canal St Complex (3 Stations; J, N, Q, R, W, Z lines)",SI,,T90413RR
T,904,13,24,T9041324,New York City Transit,PASSENGER STATIONS,ACCESSIBILITY,"Prospect Av / White Plains Road (2, 5 lines)",SI,,T90413RR
T,904,13,25,T9041325,New York City Transit,PASSENGER STATIONS,ACCESSIBILITY,Baychester Av / Dyre (5 line),SI,,T90413RR
T,904,13,26,T9041326,New York City Transit,PASSENGER STATIONS,ACCESSIBILITY,"182-183 Sts / Concourse (B, D lines)",SI,,T90413RR
T,904,13,27,T9041327,New York City Transit,PASSENGER STATIONS,ACCESSIBILITY,Additional Stations TBD,SI,,T90413RR
T,905,2,1,T9050201,New York City Transit,TRACK,MAINLINE TRACK REHABILITATION,Mainline Track Replacement,NR,1949.29,
T,905,2,2,T9050202,New York City Transit,TRACK,MAINLINE TRACK REHABILITATION,Mainline Track Replacement (Stations & Other),NR,638.34,
T,905,2,3,T9050203,New York City Transit,TRACK,MAINLINE TRACK REHABILITATION,Track Force Account,NR,175,
T,905,3,1,T9050301,New York City Transit,TRACK,MAINLINE SWITCH REPLACEMENT,Switch Replacement,NR,785.8,
T,905,3,2,T9050302,New York City Transit,TRACK,MAINLINE SWITCH REPLACEMENT,Switch Replacement (CBTC),NR,168.35,
T,906,5,1,T9060501,New York City Transit,LINE EQUIPMENT,LINE EQUIPMENT,Tunnel Lighting: Various Locations,SGR,22.65,
T,906,5,2,T9060502,New York City Transit,LINE EQUIPMENT,LINE EQUIPMENT,Fan Plants: Various Locations,SGR,81.67,
T,906,5,3,T9060503,New York City Transit,LINE EQUIPMENT,LINE EQUIPMENT,Pump Rooms: Various Locations,SGR,477.38,
T,906,5,4,T9060504,New York City Transit,LINE EQUIPMENT,LINE EQUIPMENT,Other Line Equipment Work,VAR,150,
T,907,3,1,T9070301,New York City Transit,LINE STRUCTURES,LINE STRUCTURE REHABILITATION,Elevated Structure Paint/Repair: Various Locs,SGR,1755.84,
T,907,3,2,T9070302,New York City Transit,LINE STRUCTURES,LINE STRUCTURE REHABILITATION,Subway Structure Repairs: Various Locations,SGR,3780.45,
T,907,3,3,T9070303,New York City Transit,LINE STRUCTURES,LINE STRUCTURE REHABILITATION,Rehabilitate Emergency Exits,SGR,100,
T,907,3,4,T9070304,New York City Transit,LINE STRUCTURES,LINE STRUCTURE REHABILITATION,"Rockaway Blvd - Hammels Wye, including S. Channel Bridge and High Trestle / Rockaway (A, S lines)",SGR,,T9070301
T,907,3,5,T9070305,New York City Transit,LINE STRUCTURES,LINE STRUCTURE REHABILITATION,Sutter Ave Portal to End of Line / New Lots (3 line),SGR,,T9070301
T,907,3,6,T9070306,New York City Transit,LINE STRUCTURES,LINE STRUCTURE REHABILITATION,"Sheepshead Bay - West 8 Street / Brighton (B, Q lines)",SGR,,T9070301
T,907,3,7,T9070307,New York City Transit,LINE STRUCTURES,LINE STRUCTURE REHABILITATION,75 St - Lefferts Blvd / Liberty Av (A line),SGR,,T9070301
T,907,3,8,T9070308,New York City Transit,LINE STRUCTURES,LINE STRUCTURE REHABILITATION,"Bronx Park East - 241 Street / White Plains Rd (2, 5 lines)",SGR,,T9070301
T,907,3,9,T9070309,New York City Transit,LINE STRUCTURES,LINE STRUCTURE REHABILITATION,Portal - End of Line / Pelham (6 line),SGR,,T9070301
T,907,3,10,T9070310,New York City Transit,LINE STRUCTURES,LINE STRUCTURE REHABILITATION,162 Street To 190 Street / Jerome (4 line),SGR,,T9070301
T,907,3,11,T9070311,New York City Transit,LINE STRUCTURES,LINE STRUCTURE REHABILITATION,103 Street - South Main Street Portal / Flushing (7 line),SGR,,T9070301
T,907,3,12,T9070312,New York City Transit,LINE STRUCTURES,LINE STRUCTURE REHABILITATION,"215-225 St, 240 St Yard / Broadway-7 Avenue (1 line)",SGR,,T9070301
T,907,3,13,T9070313,New York City Transit,LINE STRUCTURES,LINE STRUCTURE REHABILITATION,Additional Elevated Structure Paint/Repair Locations TBD,SGR,,T9070301
T,907,3,14,T9070314,New York City Transit,LINE STRUCTURES,LINE STRUCTURE REHABILITATION,"6 Av (B, D, F, M lines)",SGR,,T9070302
T,907,3,15,T9070315,New York City Transit,LINE STRUCTURES,LINE STRUCTURE REHABILITATION,"8 Av North (A, B, C, D lines)",SGR,,T9070302
T,907,3,16,T9070316,New York City Transit,LINE STRUCTURES,LINE STRUCTURE REHABILITATION,"Fulton (A, C lines)",SGR,,T9070302
T,907,3,17,T9070317,New York City Transit,LINE STRUCTURES,LINE STRUCTURE REHABILITATION,Crosstown (G line),SGR,,T9070302
T,907,3,18,T9070318,New York City Transit,LINE STRUCTURES,LINE STRUCTURE REHABILITATION,"4 Av Line (D, N, R lines)",SGR,,T9070302
T,907,3,19,T9070319,New York City Transit,LINE STRUCTURES,LINE STRUCTURE REHABILITATION,Additional Subway Structure Repairs TBD,SGR,,T9070302
T,908,3,1,T9080301,New York City Transit,SIGNALS & COMMUNICATIONS,SIGNAL MODERNIZATION,CBTC Equipment for Rolling Stock,VAR,183.02,
T,908,3,3,T9080302,New York City Transit,SIGNALS & COMMUNICATIONS,SIGNAL MODERNIZATION,ATS-A System Replacement,SGR,325.72,
T,908,3,4,T9080303,New York City Transit,SIGNALS & COMMUNICATIONS,SIGNAL MODERNIZATION,Signal System Component Replacement,SGR,295.43,
T,908,3,5,T9080305,New York City Transit,SIGNALS & COMMUNICATIONS,SIGNAL MODERNIZATION,Additional CBTC Work,SGR,1444.96,
T,908,3,RR,T90803RR,New York City Transit,SIGNALS & COMMUNICATIONS,SIGNAL MODERNIZATION,CBTC: Various Lines,SGR,3189.65,
T,908,3,6,T9080306,New York City Transit,SIGNALS & COMMUNICATIONS,SIGNAL MODERNIZATION,"Rockaway Blvd to Rockaways / Rockaway (A, S lines)",SGR,,T90803RR
T,908,3,7,T9080307,New York City Transit,SIGNALS & COMMUNICATIONS,SIGNAL MODERNIZATION,Euclid Av to Lefferts Blvd / Liberty (A line),SGR,,T90803RR
T,908,3,8,T9080308,New York City Transit,SIGNALS & COMMUNICATIONS,SIGNAL MODERNIZATION,"Ditmars to DeKalb Av / Bdwy (N, Q, R, W lines)",SGR,,T90803RR
T,908,3,9,T9080309,New York City Transit,SIGNALS & COMMUNICATIONS,SIGNAL MODERNIZATION,"Broad St to Essex St / Nassau (J, Z lines)",SGR,,T90803RR
T,908,3,10,T9080310,New York City Transit,SIGNALS & COMMUNICATIONS,SIGNAL MODERNIZATION,CBTC Additional Lines TBD,SGR,,T90803RR
T,908,6,1,T9080601,New York City Transit,SIGNALS & COMMUNICATIONS,COMMUNICATION SYSTEMS,Communications Network Upgrades,NR,183.62,
T,908,6,5,T9080605,New York City Transit,SIGNALS & COMMUNICATIONS,COMMUNICATION SYSTEMS,Electronic Security Systems,SI,99.74,
T,908,6,9,T9080609,New York City Transit,SIGNALS & COMMUNICATIONS,COMMUNICATION SYSTEMS,Station Comm Room Upgrades: Various Locs (SBMP),SGR,67.36,
T,908,6,10,T9080610,New York City Transit,SIGNALS & COMMUNICATIONS,COMMUNICATION SYSTEMS,Subway Radio Equipment Replacement,SGR,30,
T,908,6,11,T9080611,New York City Transit,SIGNALS & COMMUNICATIONS,COMMUNICATION SYSTEMS,Communications Applications,VAR,60,
T,908,6,12,T9080612,New York City Transit,SIGNALS & COMMUNICATIONS,COMMUNICATION SYSTEMS,Communication Cable Replacement: Various Locs,SGR,199.59,
T,908,6,13,T9080613,New York City Transit,SIGNALS & COMMUNICATIONS,COMMUNICATION SYSTEMS,Station Information Systems,VAR,827.89,
T,909,2,1,T9090201,New York City Transit,TRACTION POWER,SUBSTATIONS,Substation Renewals: Various Locations,SGR,1240.16,
T,909,2,2,T9090202,New York City Transit,TRACTION POWER,SUBSTATIONS,Substation Components: Various Locations,SGR,758.62,
T,909,2,3,T9090203,New York City Transit,TRACTION POWER,SUBSTATIONS,"Jamaica Ave-144 Place / Archer (E, J, Z lines)",SGR,,T9090201
T,909,2,4,T9090204,New York City Transit,TRACTION POWER,SUBSTATIONS,"Lenox-113 St / Lenox (2, 3 lines)",SGR,,T9090201
T,909,2,5,T9090205,New York City Transit,TRACTION POWER,SUBSTATIONS,"Lenox-141 St / Lenox (2, 3 lines)",SGR,,T9090201
T,909,2,6,T9090206,New York City Transit,TRACTION POWER,SUBSTATIONS,"W 144 St / 8 Av (A, B, C, D lines)",SGR,,T9090201
T,909,2,7,T9090207,New York City Transit,TRACTION POWER,SUBSTATIONS,Stanton St / 6 Av (F line),SGR,,T9090201
T,909,2,8,T9090208,New York City Transit,TRACTION POWER,SUBSTATIONS,"Atlantic Av / Fulton (A, C lines)",SGR,,T9090201
T,909,2,9,T9090209,New York City Transit,TRACTION POWER,SUBSTATIONS,"Hammels Wye / Rockaway (A, S lines)",SGR,,T9090201
T,909,2,10,T9090210,New York City Transit,TRACTION POWER,SUBSTATIONS,"W 73 St / 8 Av (A, B, C, D lines)",SGR,,T9090201
T,909,2,11,T9090211,New York City Transit,TRACTION POWER,SUBSTATIONS,"Broadway-73 St / Broadway-7 Av (1, 2, 3 lines)",SGR,,T9090201
T,909,2,12,T9090212,New York City Transit,TRACTION POWER,SUBSTATIONS,Avenue O / Culver (F line),SGR,,T9090201
T,909,2,13,T9090213,New York City Transit,TRACTION POWER,SUBSTATIONS,Additional Substation Renewals TBD,SGR,,T9090201
T,909,4,1,T9090401,New York City Transit,TRACTION POWER,POWER DISTRIBUTION,Rehab CBHs/ Enclosures: Various Locs,SGR,618.34,
T,909,4,2,T9090402,New York City Transit,TRACTION POWER,POWER DISTRIBUTION,Upgrade SCADA Systems (IND),SGR,219.23,
T,909,4,3,T9090403,New York City Transit,TRACTION POWER,POWER DISTRIBUTION,Other Power Distribution Work,SGR,159.66,
T,910,4,1,T9100401,New York City Transit,SHOPS & YARDS,Shops & Yards,Livonia/240 St Shop Facilities Rehab,SGR,800,
T,910,4,2,T9100402,New York City Transit,SHOPS & YARDS,Shops & Yards,Shop Components: Various Locations,SGR,414.14,
T,910,4,3,T9100403,New York City Transit,SHOPS & YARDS,Shops & Yards,DOS Facility Elevators: Various Locations,NR,45.28,
T,910,4,5,T9100405,New York City Transit,SHOPS & YARDS,Shops & Yards,Yard Lighting / Improvements: Coney Island Complex,SGR,173.02,
T,910,4,7,T9100407,New York City Transit,SHOPS & YARDS,Shops & Yards,Yard Track Replacement,SGR,154.7,
T,910,4,8,T9100408,New York City Transit,SHOPS & YARDS,Shops & Yards,Yard Switch Replacement,SGR,60.14,
T,912,3,1,T9120301,New York City Transit,DEPOTS,DEPOT REHAB & RECONSTRUCTION,Depot Component Repairs: Various Locations,NR,193.61,
T,912,3,2,T9120302,New York City Transit,DEPOTS,DEPOT REHAB & RECONSTRUCTION,Non-Revenue Shop Reconfiguration,SI,50,
T,912,3,5,T9120305,New York City Transit,DEPOTS,DEPOT REHAB & RECONSTRUCTION,Other Depot Work,VAR,126.82,
T,913,2,1,T9130201,New York City Transit,SERVICE VEHICLES,SERVICE VEHICLES,Purchase 45 Locomotives,SI,554.89,
T,913,2,2,T9130202,New York City Transit,SERVICE VEHICLES,SERVICE VEHICLES,Purchase Various Rubber Tire Vehicles,NR,45.79,
T,913,2,3,T9130203,New York City Transit,SERVICE VEHICLES,SERVICE VEHICLES,Purchase / Upgrade Various Work Train Cars,NR,12.35,
T,916,2,1,T9160201,New York City Transit,MISC./EMERGENCY,Miscellaneous,Capital Revolving Fund,,25,
T,916,2,2,T9160202,New York City Transit,MISC./EMERGENCY,Miscellaneous,OCIP and Other Insurance,,423.92,
T,916,4,1,T9160401,New York City Transit,MISC./EMERGENCY,MANAGEMENT INFORMATION SYSTEMS,Enterprise Asset Management (EAM),SI,30,
T,916,4,2,T9160402,New York City Transit,MISC./EMERGENCY,MANAGEMENT INFORMATION SYSTEMS,Information Systems Upgrades / Resiliency,SI,50,
T,916,5,1,T9160501,New York City Transit,MISC./EMERGENCY,ENGINEERING SERVICES,Engineering Services to Support Capital Program,,178.59,
T,916,5,2,T9160502,New York City Transit,MISC./EMERGENCY,ENGINEERING SERVICES,Small Business Mentoring Program Admin.,,32.72,
T,916,5,3,T9160503,New York City Transit,MISC./EMERGENCY,ENGINEERING SERVICES,Scope Development and Design,,366.01,
T,916,5,4,T9160504,New York City Transit,MISC./EMERGENCY,ENGINEERING SERVICES,GO Support - Traffic Checkers,,65.81,
T,916,7,1,T9160701,New York City Transit,MISC./EMERGENCY,Employee Facilities,Subway Employee Facility Repairs: Various Locs,NR,235.67,
T,916,7,3,T9160703,New York City Transit,MISC./EMERGENCY,Employee Facilities,Fire Alarms and Sprinklers: Various Locations,NR,100,
T,916,7,4,T9160704,New York City Transit,MISC./EMERGENCY,Employee Facilities,PCC/RCC Upgrades,NR,75,
S,907,1,1,S9070101,Staten Island Railway,STATEN ISLAND RAILWAY,SIR: MISCELLANEOUS,Station Components: Various Locations,SGR,22.76,
S,907,1,2,S9070102,Staten Island Railway,STATEN ISLAND RAILWAY,SIR: MISCELLANEOUS,Track and Switch Replacement,SGR,55.06,
S,907,1,3,S9070103,Staten Island Railway,STATEN ISLAND RAILWAY,SIR: MISCELLANEOUS,Structure Repairs: Various Locations,SGR,23.03,
S,907,1,4,S9070104,Staten Island Railway,STATEN ISLAND RAILWAY,SIR: MISCELLANEOUS,Paint Bridges: Various Locations,SGR,81.84,
S,907,1,5,S9070105,Staten Island Railway,STATEN ISLAND RAILWAY,SIR: MISCELLANEOUS,Employee Facility Repairs,SGR,20,
S,907,1,6,S9070106,Staten Island Railway,STATEN ISLAND RAILWAY,SIR: MISCELLANEOUS,Power Improvements: Various Locations,SGR,39.95,
S,907,1,7,S9070107,Staten Island Railway,STATEN ISLAND RAILWAY,SIR: MISCELLANEOUS,Various Technology / System Improvements,SI,42.33,
S,907,1,8,S9070108,Staten Island Railway,STATEN ISLAND RAILWAY,SIR: MISCELLANEOUS,Purchase Various Work Train Cars,SGR,8,
S,907,1,9,S9070109,Staten Island Railway,STATEN ISLAND RAILWAY,SIR: MISCELLANEOUS,Purchase Various Rubber Tire Vehicles,SGR,1,
S,907,1,10,S9070110,Staten Island Railway,STATEN ISLAND RAILWAY,SIR: MISCELLANEOUS,ADA: Staten Island Railway,SI,50,
S,907,1,11,S9070111,Staten Island Railway,STATEN ISLAND RAILWAY,SIR: MISCELLANEOUS,Prince’s Bay (ADA),,,S9070110
L,901,1,1,L9010101,Long Island Rail Road,ROLLING STOCK,REVENUE EQUIPMENT,Dual-Mode Locomotives,NR,753,
L,901,1,2,L9010102,Long Island Rail Road,ROLLING STOCK,REVENUE EQUIPMENT,Work Locomotives,SGR,100,
L,901,1,3,L9010103,Long Island Rail Road,ROLLING STOCK,REVENUE EQUIPMENT,M9A,SI,660,
L,901,1,4,L9010104,Long Island Rail Road,ROLLING STOCK,REVENUE EQUIPMENT,Diesel-Hauled Coaches,SI,60,
L,902,4,1,L9020401,Long Island Rail Road,STATIONS,STATIONS AND BUILDINGS,Station Components: Various Locations,NR,317,
L,902,4,2,L9020402,Long Island Rail Road,STATIONS,STATIONS AND BUILDINGS,Station Renewals: Various Locations,SGR,520,
L,902,4,3,L9020403,Long Island Rail Road,STATIONS,STATIONS AND BUILDINGS,Small Business Mentoring: Stations,NR,20,
L,902,4,4,L9020404,Long Island Rail Road,STATIONS,STATIONS AND BUILDINGS,Station ADA Improvements: Various Locations,SI,80,
L,902,4,5,L9020405,Long Island Rail Road,STATIONS,STATIONS AND BUILDINGS,Station Improvements: Various Locations,SI,7,
L,902,4,6,L9020406,Long Island Rail Road,STATIONS,STATIONS AND BUILDINGS,Jamaica Station - Vertical Circulation,SI,110,
L,902,4,7,L9020407,Long Island Rail Road,STATIONS,STATIONS AND BUILDINGS,Station Design,NR,30,
L,902,4,8,L9020408,Long Island Rail Road,STATIONS,STATIONS AND BUILDINGS,ADA/Component Repairs: Cold Spring Harbor,VAR,,"L9020404,L9020401"
L,902,4,9,L9020409,Long Island Rail Road,STATIONS,STATIONS AND BUILDINGS,ADA/Component Repairs: Douglaston,VAR,,"L9020404,L9020401"
L,902,4,10,L9020410,Long Island Rail Road,STATIONS,STATIONS AND BUILDINGS,ADA/Renewal: Mets- Willets Point,VAR,,"L9020404,L9020402"
L,902,4,11,L9020411,Long Island Rail Road,STATIONS,STATIONS AND BUILDINGS,ADA/Renewal: Bellerose,VAR,,"L9020404,L9020402"
L,902,4,12,L9020412,Long Island Rail Road,STATIONS,STATIONS AND BUILDINGS,Renewal: Port Washington,SGR,,L9020402
L,902,4,13,L9020413,Long Island Rail Road,STATIONS,STATIONS AND BUILDINGS,Renewal: Floral Park,SGR,,L9020402
L,902,4,14,L9020414,Long Island Rail Road,STATIONS,STATIONS AND BUILDINGS,Component Repairs: Patchogue,NR,,L9020401
L,902,4,15,L9020415,Long Island Rail Road,STATIONS,STATIONS AND BUILDINGS,Design: Hunterspoint ADA / Renewal Early Work,VAR,,"L9020404,L9020402"
L,902,4,16,L9020416,Long Island Rail Road,STATIONS,STATIONS AND BUILDINGS,ADA/Renewal: East New York,VAR,,"L9020404,L9020402"
L,902,5,1,L9020501,Long Island Rail Road,STATIONS,PARKING,Station Parking: Various Locations,NR,37,
L,902,6,1,L9020601,Long Island Rail Road,STATIONS,PENN STATION,Penn Station: Station Components,SGR,65,
L,902,7,1,L9020701,Long Island Rail Road,STATIONS,GRAND CENTRAL TERMINAL,Grand Central Terminal: Station Components,SI,15,
L,903,1,1,L9030101,Long Island Rail Road,TRACK,ANNUAL TRACK REHAB PROGRAM,Annual Track Program,NR,660,
L,903,1,2,L9030102,Long Island Rail Road,TRACK,ANNUAL TRACK REHAB PROGRAM,M of W Equipment Purchases,SGR,75,
L,903,1,3,L9030103,Long Island Rail Road,TRACK,ANNUAL TRACK REHAB PROGRAM,"ROW Culverts, Drainage, Retaining Walls",SGR,32,
L,903,1,4,L9030104,Long Island Rail Road,TRACK,ANNUAL TRACK REHAB PROGRAM,ROW Protection - High Security Fencing,SI,10,
L,903,1,5,L9030105,Long Island Rail Road,TRACK,ANNUAL TRACK REHAB PROGRAM,Yard Track Rehabilitations,SGR,30,
L,903,4,1,L9030401,Long Island Rail Road,TRACK,OTHER TRACK IMPROVEMENTS,Amtrak Territory Investments,NR,100,
L,903,4,2,L9030402,Long Island Rail Road,TRACK,OTHER TRACK IMPROVEMENTS,Jamaica Capacity Improvements - Met Interlocking,SI,100,
L,903,4,3,L9030403,Long Island Rail Road,TRACK,OTHER TRACK IMPROVEMENTS,Jamaica Capacity Improvements - SGR,SGR,100,
L,903,4,4,L9030404,Long Island Rail Road,TRACK,OTHER TRACK IMPROVEMENTS,Grade Crossing Renewals,SI,3,
L,904,1,1,L9040101,Long Island Rail Road,LINE STRUCTURES,BRIDGES,"Painting, Drainage, & Waterproofing of Bridges",SGR,175,
L,904,1,2,L9040102,Long Island Rail Road,LINE STRUCTURES,BRIDGES,Small Business Mentoring - Bridges,SGR,48.5,
L,904,1,3,L9040103,Long Island Rail Road,LINE STRUCTURES,BRIDGES,Replacement & Rehabilitation of Bridges,SGR,297,
L,904,1,4,L9040104,Long Island Rail Road,LINE STRUCTURES,BRIDGES,Miscellaneous Line Structures,SGR,5,
L,904,1,5,L9040105,Long Island Rail Road,LINE STRUCTURES,BRIDGES,Beaver Viaduct: Waterproofing,SGR,,L9040101
L,904,1,6,L9040106,Long Island Rail Road,LINE STRUCTURES,BRIDGES,Babylon Viaduct: Waterproofing,SGR,,L9040101
L,904,1,7,L9040107,Long Island Rail Road,LINE STRUCTURES,BRIDGES,Queens Blvd: Rehab/Replace,SGR,,L9040103
L,904,1,8,L9040108,Long Island Rail Road,LINE STRUCTURES,BRIDGES,Wreck Lead: Rehab/Replace,SGR,,L9040103
L,904,2,1,L9040201,Long Island Rail Road,LINE STRUCTURES,TUNNELS,Atlantic Avenue Tunnel Structural Work,SGR,75,
L,905,1,1,L9050101,Long Island Rail Road,COMMUNICATIONS & SIGNALS,COMMUNICATION IMPROVEMENTS,Communications SGR,SGR,63,
L,905,1,2,L9050102,Long Island Rail Road,COMMUNICATIONS & SIGNALS,COMMUNICATION IMPROVEMENTS,Grade Crossing Cameras,SI,5,
L,905,1,3,L9050103,Long Island Rail Road,COMMUNICATIONS & SIGNALS,COMMUNICATION IMPROVEMENTS,Customer Information Technology Upgrade,SI,20,
L,905,2,1,L9050201,Long Island Rail Road,COMMUNICATIONS & SIGNALS,SIGNAL IMPROVEMENTS,Signal Normal Replacement,NR,45,
L,905,2,2,L9050202,Long Island Rail Road,COMMUNICATIONS & SIGNALS,SIGNAL IMPROVEMENTS,Signal System Renewals,SGR,202,
L,905,2,3,L9050203,Long Island Rail Road,COMMUNICATIONS & SIGNALS,SIGNAL IMPROVEMENTS,Signal Replacement and Interlocking Upgrades,SI,43,
L,905,2,4,L9050204,Long Island Rail Road,COMMUNICATIONS & SIGNALS,SIGNAL IMPROVEMENTS,Centralized Train Control,SI,50,
L,905,2,5,L9050205,Long Island Rail Road,COMMUNICATIONS & SIGNALS,SIGNAL IMPROVEMENTS,PTC Federal Mandates,SI,75,
L,905,2,6,L9050206,Long Island Rail Road,COMMUNICATIONS & SIGNALS,SIGNAL IMPROVEMENTS,Signal Modernization,SI,2,
L,905,2,14,L9050214,Long Island Rail Road,COMMUNICATIONS & SIGNALS,SIGNAL IMPROVEMENTS,Hunt to Post Signals Renewal,,,L9050202
L,905,2,14,L9050214,Long Island Rail Road,COMMUNICATIONS & SIGNALS,SIGNAL IMPROVEMENTS,Babylon to Patchogue Signals Renewal,,,L9050202
L,906,1,1,L9060101,Long Island Rail Road,SHOPS AND YARDS,SHOPS AND YARDS,Shop Component Renewals,NR,37,
L,906,1,2,L9060102,Long Island Rail Road,SHOPS AND YARDS,SHOPS AND YARDS,Small Business Mentoring Program - Shops & Yards,NR,2,
L,906,1,3,L9060103,Long Island Rail Road,SHOPS AND YARDS,SHOPS AND YARDS,Rolling Stock Support Shop Equipment,NR,25,
L,906,1,4,L9060104,Long Island Rail Road,SHOPS AND YARDS,SHOPS AND YARDS,New Shop Design & Preliminary Engineering,SI,10,
L,906,4,1,L9060401,Long Island Rail Road,SHOPS AND YARDS,EMPLOYEE FACILITIES,Rehabilitation of Employee Facilities: Various Loc,NR,64,
L,906,4,2,L9060402,Long Island Rail Road,SHOPS AND YARDS,EMPLOYEE FACILITIES,Small Business Mentoring Program - Employee Facs,NR,30,
L,907,1,1,L9070101,Long Island Rail Road,POWER,POWER,Substation Replacements,SGR,360,
L,907,1,2,L9070102,Long Island Rail Road,POWER,POWER,Substation Component Renewal,NR,28,
L,907,1,3,L9070103,Long Island Rail Road,POWER,POWER,Power Component Repairs & Replacements,NR,22.5,
L,907,1,4,L9070104,Long Island Rail Road,POWER,POWER,3rd Rail Replacements & Upgrades,NR,26,
L,907,1,5,L9070105,Long Island Rail Road,POWER,POWER,Lighting Improvements,SGR,37,
L,907,1,6,L9070106,Long Island Rail Road,POWER,POWER,Power Modernization,SI,2,
L,907,1,7,L9070107,Long Island Rail Road,POWER,POWER,Winfield Substation,SGR,,L9070101
L,907,1,8,L9070108,Long Island Rail Road,POWER,POWER,West Hempstead Substation,SGR,,L9070101
L,907,1,9,L9070109,Long Island Rail Road,POWER,POWER,Utica Substation,SGR,,L9070101
L,907,1,10,L9070110,Long Island Rail Road,POWER,POWER,Murray Hill Substation,SGR,,L9070101
L,907,1,11,L9070111,Long Island Rail Road,POWER,POWER,Laurelton Substation,SGR,,L9070101
L,907,1,12,L9070112,Long Island Rail Road,POWER,POWER,Queens Breaker Substation,SGR,,L9070101
L,909,4,1,L9090401,Long Island Rail Road,MISCELLANEOUS,MISCELLANEOUS,Security Component Replacement,NR,23,
L,909,4,2,L9090402,Long Island Rail Road,MISCELLANEOUS,MISCELLANEOUS,Security System Improvements,SI,35,
L,909,4,3,L9090403,Long Island Rail Road,MISCELLANEOUS,MISCELLANEOUS,Environmental Remediation,NR,50,
L,909,4,4,L9090404,Long Island Rail Road,MISCELLANEOUS,MISCELLANEOUS,EAM Development,SI,15,
L,909,4,5,L9090405,Long Island Rail Road,MISCELLANEOUS,MISCELLANEOUS,Program Administration,,165,
L,909,4,6,L9090406,Long Island Rail Road,MISCELLANEOUS,MISCELLANEOUS,Program Development,,15,
L,909,4,7,L9090407,Long Island Rail Road,MISCELLANEOUS,MISCELLANEOUS,Railroad Protective Liability,,9,
L,909,4,8,L9090408,Long Island Rail Road,MISCELLANEOUS,MISCELLANEOUS,Independent Engineer,,10,
L,909,4,9,L9090409,Long Island Rail Road,MISCELLANEOUS,MISCELLANEOUS,Small Business Mentoring Program - Admin.,,10,
L,909,4,10,L9090410,Long Island Rail Road,MISCELLANEOUS,MISCELLANEOUS,OCIP,,40,
M,901,1,1,M9010101,Metro-North Railroad,ROLLING STOCK,REVENUE EQUIPMENT,M9A Fleet,NR,1080,
M,901,1,2,M9010102,Metro-North Railroad,ROLLING STOCK,REVENUE EQUIPMENT,West of Hudson Locomotive Replacement,NR,155,
M,901,1,3,M9010103,Metro-North Railroad,ROLLING STOCK,REVENUE EQUIPMENT,Coach Replacement,NR,460.9,
M,902,2,1,M9020201,Metro-North Railroad,STATIONS,OUTLYING STATIONS,Station Rehabilitation,SGR,670,
M,902,2,2,M9020202,Metro-North Railroad,STATIONS,OUTLYING STATIONS,ADA Accessibility Improvements,SI,100,
M,902,2,3,M9020203,Metro-North Railroad,STATIONS,OUTLYING STATIONS,Station Component Replacement,SGR,120,
M,902,2,4,M9020204,Metro-North Railroad,STATIONS,OUTLYING STATIONS,Small Business Mentoring Program - Stations,SGR,35,
M,902,2,5,M9020205,Metro-North Railroad,STATIONS,OUTLYING STATIONS,Ludlow (ADA),SI,,M9020202
M,902,2,6,M9020206,Metro-North Railroad,STATIONS,OUTLYING STATIONS,Wakefield (ADA),SI,,M9020202
M,902,2,7,M9020207,Metro-North Railroad,STATIONS,OUTLYING STATIONS,Hartsdale (Rehab.),,,M9020201
M,902,2,8,M9020208,Metro-North Railroad,STATIONS,OUTLYING STATIONS,Scarsdale (Rehab.),,,M9020201
M,902,2,9,M9020209,Metro-North Railroad,STATIONS,OUTLYING STATIONS,Crestwood (Rehab.),,,M9020201
M,902,2,10,M9020210,Metro-North Railroad,STATIONS,OUTLYING STATIONS,Tuckahoe (Rehab.),,,M9020201
M,902,2,11,M9020211,Metro-North Railroad,STATIONS,OUTLYING STATIONS,Bronxville (Rehab.),,,M9020201
M,902,2,12,M9020212,Metro-North Railroad,STATIONS,OUTLYING STATIONS,Fleetwood (Rehab.),,,M9020201
M,902,3,1,M9020301,Metro-North Railroad,STATIONS,PARKING,Small Business Mentoring Program - Parking,SGR,20,
M,902,3,2,M9020302,Metro-North Railroad,STATIONS,PARKING,Parking Improvements,SGR,13.75,
M,903,1,1,M9030101,Metro-North Railroad,TRACK & STRUCTURES,TRACK,Annual Track Program,SGR,450,
M,903,1,2,M9030102,Metro-North Railroad,TRACK & STRUCTURES,TRACK,Marble Hill Retaining Wall Construction Phase I,SGR,63,
M,903,1,3,M9030103,Metro-North Railroad,TRACK & STRUCTURES,TRACK,MoW Equipment Purchase,SGR,30,
M,903,1,4,M9030104,Metro-North Railroad,TRACK & STRUCTURES,TRACK,Slope Remediation,SI,350,
M,903,1,5,M9030105,Metro-North Railroad,TRACK & STRUCTURES,TRACK,Drainage Improvements,SI,340,
M,903,2,1,M9030201,Metro-North Railroad,TRACK & STRUCTURES,STRUCTURES,Undergrade Bridge Program,SI,288,
M,903,2,2,M9030202,Metro-North Railroad,TRACK & STRUCTURES,STRUCTURES,Tunnel Improvements,SGR,21,
M,903,2,3,M9030203,Metro-North Railroad,TRACK & STRUCTURES,STRUCTURES,Overhead Bridge Program,SGR,55,
M,903,2,4,M9030204,Metro-North Railroad,TRACK & STRUCTURES,STRUCTURES,R.O.W Force Account Structures Rehabilitation,SGR,44,
M,903,2,6,M9030206,Metro-North Railroad,TRACK & STRUCTURES,STRUCTURES,Small Business Mentoring Program - Structures,SGR,25,
M,903,2,7,M9030207,Metro-North Railroad,TRACK & STRUCTURES,STRUCTURES,HU26.97 between Philipse Manor and Scarborough (Bridge),,,M9030201
M,903,2,8,M9030208,Metro-North Railroad,TRACK & STRUCTURES,STRUCTURES,HU27.45 between Scarborough and Ossining (Bridge),,,M9030201
M,903,2,9,M9030209,Metro-North Railroad,TRACK & STRUCTURES,STRUCTURES,HU32.81 – Croton-Harmon (Bridge),,,M9030201
M,903,2,10,M9030210,Metro-North Railroad,TRACK & STRUCTURES,STRUCTURES,HU39.85 between Cortlandt and Peekskill (Bridge),,,M9030201
M,903,3,1,M9030301,Metro-North Railroad,TRACK & STRUCTURES,W OF HUDSON INFRASTRUCTURE,Small Business Mentoring Program - West of Hudson,SGR,5,
M,903,3,2,M9030302,Metro-North Railroad,TRACK & STRUCTURES,W OF HUDSON INFRASTRUCTURE,WoH Improvements,SGR,7.45,
M,903,3,3,M9030303,Metro-North Railroad,TRACK & STRUCTURES,W OF HUDSON INFRASTRUCTURE,WoH Track Program - Pt Jervis Line,SGR,20,
M,903,3,4,M9030304,Metro-North Railroad,TRACK & STRUCTURES,W OF HUDSON INFRASTRUCTURE,WoH Undergrade Bridges - Pt Jervis Line,SGR,15,
M,903,3,5,M9030305,Metro-North Railroad,TRACK & STRUCTURES,W OF HUDSON INFRASTRUCTURE,WoH Stations Improvements,SGR,8.5,
M,904,1,1,M9040101,Metro-North Railroad,COMM & SIGNALS,COMM & SIGNALS,Signal System Upgrades,SGR,426,
M,904,1,2,M9040102,Metro-North Railroad,COMM & SIGNALS,COMM & SIGNALS,Network Infrastructure,SGR,40,
M,904,1,3,M9040103,Metro-North Railroad,COMM & SIGNALS,COMM & SIGNALS,PBX Replacement,SGR,11,
M,904,1,4,M9040104,Metro-North Railroad,COMM & SIGNALS,COMM & SIGNALS,PTC Federal Mandates,SI,75,
M,904,1,5,M9040105,Metro-North Railroad,COMM & SIGNALS,COMM & SIGNALS,Grade Crossings,NR,3,
M,904,1,6,M9040106,Metro-North Railroad,COMM & SIGNALS,COMM & SIGNALS,Signal Infrastructure Replacement,SGR,7,
M,904,1,7,M9040107,Metro-North Railroad,COMM & SIGNALS,COMM & SIGNALS,Communication Improvements,SGR,36,
M,904,1,8,M9040108,Metro-North Railroad,COMM & SIGNALS,COMM & SIGNALS,Harmon to Poughkeepsie Signal System,SGR,,
M,905,1,1,M9050101,Metro-North Railroad,POWER,POWER,Resiliency - City Water Substation,SI,10,
M,905,1,2,M9050102,Metro-North Railroad,POWER,POWER,Substations Improvements,SI,390,
M,905,1,3,M9050103,Metro-North Railroad,POWER,POWER,R.O.W Power Improvements,SGR,64.5,
M,905,1,4,M9050104,Metro-North Railroad,POWER,POWER,Third Rail/Component Replacement,SGR,25,
M,905,1,5,M9050105,Metro-North Railroad,POWER,POWER,Catenary Improvements,SI,30,
M,905,1,6,M9050106,Metro-North Railroad,POWER,POWER,Claremont Substation,,,M9050102
M,905,1,7,M9050107,Metro-North Railroad,POWER,POWER,Bronxville Substation,,,M9050102
M,906,1,1,M9060101,Metro-North Railroad,SHOPS & YARDS,SHOPS & YARDS,Small Business Mentoring Program - Shops & Yards,SGR,25,
M,906,1,2,M9060102,Metro-North Railroad,SHOPS & YARDS,SHOPS & YARDS,Shops Improvements,SI,15,
M,906,1,3,M9060103,Metro-North Railroad,SHOPS & YARDS,SHOPS & YARDS,Yard Improvements,SI,149.9,
M,906,1,4,M9060104,Metro-North Railroad,SHOPS & YARDS,SHOPS & YARDS,Facilities Improvements,SGR,35,
M,908,1,1,M9080101,Metro-North Railroad,MISCELLANEOUS,MISCELLANEOUS,Environmental Remediation,NR,3,
M,908,1,2,M9080102,Metro-North Railroad,MISCELLANEOUS,MISCELLANEOUS,Systemwide Lead/Asbestos Abatement,NR,3,
M,908,1,3,M9080103,Metro-North Railroad,MISCELLANEOUS,MISCELLANEOUS,Railroad Protective Liability,,10,
M,908,1,4,M9080104,Metro-North Railroad,MISCELLANEOUS,MISCELLANEOUS,Independent Engineer,,10,
M,908,1,5,M9080105,Metro-North Railroad,MISCELLANEOUS,MISCELLANEOUS,Program Administration,,70,
M,908,1,6,M9080106,Metro-North Railroad,MISCELLANEOUS,MISCELLANEOUS,Program Scope Development,,55,
M,908,1,7,M9080107,Metro-North Railroad,MISCELLANEOUS,MISCELLANEOUS,OCIP Insurance,,70,
M,908,1,8,M9080108,Metro-North Railroad,MISCELLANEOUS,MISCELLANEOUS,Systemwide Security Initiatives,SI,60,
M,908,1,9,M9080109,Metro-North Railroad,MISCELLANEOUS,MISCELLANEOUS,EAM Reserve,,5,
U,903,2,1,U9030201,MTA Bus,MTA BUS,BUS COMPANY PROJECTS,Purchase 153 Standard Buses,NR,159.04,
U,903,2,3,U9030203,MTA Bus,MTA BUS,BUS COMPANY PROJECTS,Purchase 90 Articulated Buses,NR,111.97,
U,903,2,5,U9030205,MTA Bus,MTA BUS,BUS COMPANY PROJECTS,Base Shop Expansion - Design & Site Prep,SI,25,
U,903,2,6,U9030206,MTA Bus,MTA BUS,BUS COMPANY PROJECTS,Bus Technology,SI,10,
U,903,2,7,U9030207,MTA Bus,MTA BUS,BUS COMPANY PROJECTS,Project Engineering & Program Administration,,40.69,
U,903,2,8,U9030208,MTA Bus,MTA BUS,BUS COMPANY PROJECTS,Purchase Rubber Tire Vehicles,SGR,2,
U,903,2,9,U9030209,MTA Bus,MTA BUS,BUS COMPANY PROJECTS,Depot Improvements & Equipment,SGR,105.01,
N,910,1,1,N9100101,MTA Interagency,MTA POLICE DEPARTMENT,MTA POLICE DEPARTMENT,District Office Repairs and Replacement,NR,20,
N,910,1,2,N9100102,MTA Interagency,MTA POLICE DEPARTMENT,MTA POLICE DEPARTMENT,Communication Infrastructure,NR,10,
N,910,1,3,N9100103,MTA Interagency,MTA POLICE DEPARTMENT,MTA POLICE DEPARTMENT,REP-ESU Fleet Vehicle Purchases,NR,5,
N,910,1,4,N9100104,MTA Interagency,MTA POLICE DEPARTMENT,MTA POLICE DEPARTMENT,"Other Facility, Vehicle and Admin Support",NR,10.3,
N,911,1,1,N9110101,MTA Interagency,MTA CONSTRUCTION & DEVELOPMENT,MTA PLANNING INITIATIVES,Core / Corridor Planning Studies,SI,20,
N,911,2,1,N9110201,MTA Interagency,MTA CONSTRUCTION & DEVELOPMENT,CAPITAL PROGRAM SUPPORT,Capital Program Support Services,,60,
N,911,3,1,N9110301,MTA Interagency,MTA CONSTRUCTION & DEVELOPMENT,C&D ADMINISTRATION,Program Administration,,175,
G,908,1,1,G9080101,Major Projects and Expansion,INTERBOROUGH EXPRESS,INTERBOROUGH EXPRESS,Project Development,NE,2750,
G,912,1,1,G9120101,Major Projects and Expansion,GRAND CENTRAL ARTERY,GRAND CENTRAL TRAINSHED & PARK AVE TUNNEL,Project Development,SGR,1100,
G,912,2,1,G9120201,Major Projects and Expansion,GRAND CENTRAL ARTERY,GRAND CENTRAL TERMINAL,Project Development,SGR,600,
G,917,1,1,G9170101,Major Projects and Expansion,OTHER NETWORK EXPANSION,OTHER NETWORK EXPANSION,Project Development,NE,800,
D,901,AW,9V,D901AW9V,Bridges and Tunnels,STRUCTURES,AGENCY-WIDE,STRUCTURAL HEALTH MONITORING,SI,56.27,
D,901,AW,9Y,D901AW9Y,Bridges and Tunnels,STRUCTURES,AGENCY-WIDE,MISCELLANEOUS SECURITY UPGRADES - RESERVE,SI,65.95,
D,901,BW,9A,D901BW9A,Bridges and Tunnels,STRUCTURES,BRONX-WHITESTONE BRIDGE,MISC. STRUCTURAL REHAB AT THE BWB,NR,27.16,
D,901,BW,9D,D901BW9D,Bridges and Tunnels,STRUCTURES,BRONX-WHITESTONE BRIDGE,ANCHORAGE REHABILITATION,NR,26.87,
D,901,BW,9K,D901BW9K,Bridges and Tunnels,STRUCTURES,BRONX-WHITESTONE BRIDGE,TRAVELER OVERHAUL OR REPLACEMENT,NR,44.84,
D,901,BW,9Q,D901BW9Q,Bridges and Tunnels,STRUCTURES,BRONX-WHITESTONE BRIDGE,MAIN CABLE DEHUMIDIFICATION/RELATED IMPROV,SGR,117.95,
D,901,BW,9X,D901BW9X,Bridges and Tunnels,STRUCTURES,BRONX-WHITESTONE BRIDGE,SAFETY FENCE,SI,4,
D,901,CB,9A,D901CB9A,Bridges and Tunnels,STRUCTURES,CROSS BAY BRIDGE,MISC. STRUCTURAL REHAB AT THE CBB,NR,39.99,
D,901,HC,9A,D901HC9A,Bridges and Tunnels,STRUCTURES,HUGH L. CAREY TUNNEL,TUNNEL REHABILITATION,NR,16.94,
D,901,HC,9C,D901HC9C,Bridges and Tunnels,STRUCTURES,HUGH L. CAREY TUNNEL,GIVB FENDER/PEDESTRIAN FOOTBRIDGE REHAB,NR,8.54,
D,901,HH,9A,D901HH9A,Bridges and Tunnels,STRUCTURES,HENRY HUDSON BRIDGE,MISC. STRUCTURAL REHAB AT THE HHB,NR,24.72,
D,901,MP,9A,D901MP9A,Bridges and Tunnels,STRUCTURES,MARINE PARKWAY BRIDGE,MISC. STRUCTURAL REHAB AT THE MPB,NR,18.65,
D,901,QM,9A,D901QM9A,Bridges and Tunnels,STRUCTURES,QUEENS MIDTOWN TUNNEL,TUNNEL REHABILITATION,NR,27.83,
D,901,RK,9A,D901RK9A,Bridges and Tunnels,STRUCTURES,ROBERT F. KENNEDY BRIDGE,MISC. STRUCTURAL REHAB AT THE RFK,NR,69.36,
D,901,RK,9I,D901RK9I,Bridges and Tunnels,STRUCTURES,ROBERT F. KENNEDY BRIDGE,SUBSTRUCTURE RETROFIT - PRELIM DESIGN,NR,8.04,
D,901,RK,9T,D901RK9T,Bridges and Tunnels,STRUCTURES,ROBERT F. KENNEDY BRIDGE,BRONX APPROACH. TRUSS/JCT STRUCTURE REHAB,NR,29.82,
D,901,RK,9Z,D901RK9Z,Bridges and Tunnels,STRUCTURES,ROBERT F. KENNEDY BRIDGE,SUPERSTRUCTURE UPGRADES SUSPENDED SPANS,NR,82.28,
D,901,TN,9A,D901TN9A,Bridges and Tunnels,STRUCTURES,THROGS NECK BRIDGE,MISCELLANEOUS STRUCTURAL REHABILITATION,NR,213.49,
D,901,TN,9D,D901TN9D,Bridges and Tunnels,STRUCTURES,THROGS NECK BRIDGE,ANCHORAGE REHABILITATION,NR,21.71,
D,901,TN,9H,D901TN9H,Bridges and Tunnels,STRUCTURES,THROGS NECK BRIDGE,CONCRETE PIER REHAB ON APPROACHES,NR,43.75,
D,901,TN,9Q,D901TN9Q,Bridges and Tunnels,STRUCTURES,THROGS NECK BRIDGE,MAIN CABLE DEHUMIDIFICATION/RELATED IMPROV.,SGR,99.2,
D,901,TN,9V,D901TN9V,Bridges and Tunnels,STRUCTURES,THROGS NECK BRIDGE,LOWER GARAGE REHABILTIATION,NR,11.01,
D,901,TN,9X,D901TN9X,Bridges and Tunnels,STRUCTURES,THROGS NECK BRIDGE,SAFETY FENCE,SI,4,
D,901,VN,9A,D901VN9A,Bridges and Tunnels,STRUCTURES,VERRAZZANO-NARROWS BRIDGE,MISCELLANEOUS STRUCTURAL REHABILITATION,NR,61.59,
D,902,AW,9Q,D902AW9Q,Bridges and Tunnels,ROADWAYS & DECKS,AGENCY-WIDE,AUTHORITY WIDE TRAFFIC SAFETY IMPROVEMENTS,NR,16.91,
D,902,CB,9X,D902CB9X,Bridges and Tunnels,ROADWAYS & DECKS,CROSS BAY BRIDGE,OPERATIONAL/ACCESSIBILTY IMPROVEMENTS,NR,8.17,
D,902,HH,9F,D902HH9F,Bridges and Tunnels,ROADWAYS & DECKS,HENRY HUDSON BRIDGE,DECK REHAB AND RESURFACING - UPPER LEVEL,NR,6.76,
D,902,HH,9M,D902HH9M,Bridges and Tunnels,ROADWAYS & DECKS,HENRY HUDSON BRIDGE,SIGN GANTRY UPGRADE/REPLACMENT,NR,8.71,
D,902,MP,9X,D902MP9X,Bridges and Tunnels,ROADWAYS & DECKS,MARINE PARKWAY BRIDGE,OPERATIONAL/ACCESSIBILTY IMPROVEMENTS,NR,6.48,
D,902,RK,9O,D902RK9O,Bridges and Tunnels,ROADWAYS & DECKS,ROBERT F. KENNEDY BRIDGE,REPLCMNT OF MANHATTAN PLZ STR/ASSOC RAMPS,NR,44.11,
D,902,RK,9U,D902RK9U,Bridges and Tunnels,ROADWAYS & DECKS,ROBERT F. KENNEDY BRIDGE,MANHATTAN PLAZA REHABILTATION,NR,28.49,
D,902,RK,9V,D902RK9V,Bridges and Tunnels,ROADWAYS & DECKS,ROBERT F. KENNEDY BRIDGE,RFK DECK REHABILITATION,NR,23.16,
D,902,TN,9N,D902TN9N,Bridges and Tunnels,ROADWAYS & DECKS,THROGS NECK BRIDGE,REPLCMNT OF CROSS ISL RAMPS-ON/OFF BOUND,NR,6.09,
D,902,VN,9I,D902VN9I,Bridges and Tunnels,ROADWAYS & DECKS,VERRAZZANO-NARROWS BRIDGE,REPLCMNT OF SUSPENDED SPAN LOWER DECKS,NR,16.24,
D,902,VN,9L,D902VN9L,Bridges and Tunnels,ROADWAYS & DECKS,VERRAZZANO-NARROWS BRIDGE,REPLCMNT OF SUSPENDED SPAN OVERLAYS,NR,41.62,
D,903,AW,9J,D903AW9J,Bridges and Tunnels,TSMO,AGENCY-WIDE,WEATHER INFORMATION SYSTEMS,NR,10.95,
D,903,AW,9K,D903AW9K,Bridges and Tunnels,TSMO,AGENCY-WIDE,FIBER OPTIC INFRASTRUCTURE AND INTEGRATION,SI,16.43,
D,903,AW,9L,D903AW9L,Bridges and Tunnels,TSMO,AGENCY-WIDE,TRAFFIC DETECTION/INCIDENT MGMT. SYSTEMS,SI,10.51,
D,903,AW,9M,D903AW9M,Bridges and Tunnels,TSMO,AGENCY-WIDE,ATMS ENHANCEMENTS/UPGRADES AND OCCC,SI,5.48,
D,903,AW,9N,D903AW9N,Bridges and Tunnels,TSMO,AGENCY-WIDE,TOLL COLLECTION SYSTEM REHAB/UPGRADES,NR,104.56,
D,903,AW,9O,D903AW9O,Bridges and Tunnels,TSMO,AGENCY-WIDE,OVERHEIGHT VEHICLE DETECTION/MITIGATION,NR,16.86,
D,903,AW,9S,D903AW9S,Bridges and Tunnels,TSMO,AGENCY-WIDE,ADV. TRAVELER INFO. SYSTEMS/VMS UPGRADES,NR,38.34,
D,904,AW,9X,D904AW9X,Bridges and Tunnels,UTILITIES,AGENCY-WIDE,REPLACEMENT & UPGRADE OF FUELING SYSTEMS,NR,40.78,
D,904,AW,9Z,D904AW9Z,Bridges and Tunnels,UTILITIES,AGENCY-WIDE,UNINTERRUPTIBLE POWER SUPPLY OVERHAUL,NR,16.2,
D,904,BW,9C,D904BW9C,Bridges and Tunnels,UTILITIES,BRONX-WHITESTONE BRIDGE,ANCHORAGE DEHUMIDIFICATION UPGRADES,NR,10.93,
D,904,HC,9N,D904HC9N,Bridges and Tunnels,UTILITIES,HUGH L. CAREY TUNNEL,REPLCMNT OF SUPPLY FAN HOUSINGS & ROTORS,NR,5.54,
D,904,HC,9R,D904HC9R,Bridges and Tunnels,UTILITIES,HUGH L. CAREY TUNNEL,INSTALLATION OF FIRE SUPPRESSION SYSTEM,SI,114.73,
D,904,HH,9J,D904HH9J,Bridges and Tunnels,UTILITIES,HENRY HUDSON BRIDGE,PARKWY DRAINAGE SYSTEM IMPROVEMENTS,NR,14.01,
D,904,HH,9L,D904HH9L,Bridges and Tunnels,UTILITIES,HENRY HUDSON BRIDGE,DRAINAGE UPGRADES ON BRIDGE,NR,11.18,
D,904,MP,9C,D904MP9C,Bridges and Tunnels,UTILITIES,MARINE PARKWAY BRIDGE,MOTOR CONTROL CENTER REPLACEMENT  AT MPB,NR,16.72,
D,904,QM,9C,D904QM9C,Bridges and Tunnels,UTILITIES,QUEENS MIDTOWN TUNNEL,POWER RESILIENCY UPGRADES AT THE QMT,NR,28.21,
D,904,QM,9D,D904QM9D,Bridges and Tunnels,UTILITIES,QUEENS MIDTOWN TUNNEL,DRAINAGE PUMP REHABILITATION,NR,18.4,
D,904,QM,9N,D904QM9N,Bridges and Tunnels,UTILITIES,QUEENS MIDTOWN TUNNEL,REPLCMNT OF SUPPLY FAN HOUSINGS & ROTORS,NR,5.54,
D,904,QM,9R,D904QM9R,Bridges and Tunnels,UTILITIES,QUEENS MIDTOWN TUNNEL,INSTALLATION OF FIRE SUPPRESSION SYSTEM,SI,114.73,
D,904,RK,9E,D904RK9E,Bridges and Tunnels,UTILITIES,ROBERT F. KENNEDY BRIDGE,ROADWAY LIGHTING REPLACEMENT,NR,18.22,
D,904,RK,9H,D904RK9H,Bridges and Tunnels,UTILITIES,ROBERT F. KENNEDY BRIDGE,MOTOR CONTROL CENTER REPLACDMENT HRLS,NR,16.72,
D,904,RK,9J,D904RK9J,Bridges and Tunnels,UTILITIES,ROBERT F. KENNEDY BRIDGE,INSTALL FIRE STANDPIPE/UPGRADE PROTECT SYS,NR,5.88,
D,904,RK,9R,D904RK9R,Bridges and Tunnels,UTILITIES,ROBERT F. KENNEDY BRIDGE,MISCELLANEOUS UTILITY UPGRADES  - RESERVE,NR,8.53,
D,904,RK,9S,D904RK9S,Bridges and Tunnels,UTILITIES,ROBERT F. KENNEDY BRIDGE,REPLACE/RELOCATE 13KV SUBSTATION,NR,99.13,
D,904,RK,9Y,D904RK9Y,Bridges and Tunnels,UTILITIES,ROBERT F. KENNEDY BRIDGE,ANCHORAGE SUBSTATION/ELECTRICAL RESILIENCY,NR,59.46,
D,904,TN,9C,D904TN9C,Bridges and Tunnels,UTILITIES,THROGS NECK BRIDGE,ANCHORAGE DEHUMIDIFICATION UPGRADES,NR,11.1,
D,904,TN,9S,D904TN9S,Bridges and Tunnels,UTILITIES,THROGS NECK BRIDGE,POWER REDUNDANCY AND RESILIENCY,NR,113.19,
D,904,TN,9Z,D904TN9Z,Bridges and Tunnels,UTILITIES,THROGS NECK BRIDGE,UPGRADE FIRE STANDPIPE SYSTEM,NR,7.56,
D,904,VN,9Z,D904VN9Z,Bridges and Tunnels,UTILITIES,VERRAZZANO-NARROWS BRIDGE,FACILITY MONITORING & SAFETY SYS OVERHAUL,NR,60.65,
D,905,AW,9B,D905AW9B,Bridges and Tunnels,BUILDINGS & SITES,AGENCY-WIDE,SERVICE BUILDING UPGRADE RESERVE,NR,21.64,
D,905,AW,9C,D905AW9C,Bridges and Tunnels,BUILDINGS & SITES,AGENCY-WIDE,HAZ.MATL. ABATEMENT,NR,13.14,
D,905,CB,9B,D905CB9B,Bridges and Tunnels,BUILDINGS & SITES,CROSS BAY BRIDGE,MPB/CBB SERVICE BLGG REHAB/SITE IMPROV,NR,6.27,
D,905,HC,9B,D905HC9B,Bridges and Tunnels,BUILDINGS & SITES,HUGH L. CAREY TUNNEL,REHAB HCT VENTILATION BUILDINGS,NR,34.19,
D,905,HC,9G,D905HC9G,Bridges and Tunnels,BUILDINGS & SITES,HUGH L. CAREY TUNNEL,MISC STRUCT REHAB AT THE BPG (PHASE VI),NR,14.59,
D,905,HC,9O,D905HC9O,Bridges and Tunnels,BUILDINGS & SITES,HUGH L. CAREY TUNNEL,REHABILITATION OF GIVB AND BVB FAÇADE,NR,45.85,
D,905,HH,9N,D905HH9N,Bridges and Tunnels,BUILDINGS & SITES,HENRY HUDSON BRIDGE,BACKUP OCC,NR,6.47,
D,905,QM,9B,D905QM9B,Bridges and Tunnels,BUILDINGS & SITES,QUEENS MIDTOWN TUNNEL,REHAB QMT VENTILATION BUILDINGS,NR,22.75,
D,905,RK,9B,D905RK9B,Bridges and Tunnels,BUILDINGS & SITES,ROBERT F. KENNEDY BRIDGE,RMB UPGRADES,NR,24.97,
D,905,RK,9C,D905RK9C,Bridges and Tunnels,BUILDINGS & SITES,ROBERT F. KENNEDY BRIDGE,CENTRAL MAINT. EXPANSION FOR TOLL COLLECT,SI,23.51,
D,905,RK,9G,D905RK9G,Bridges and Tunnels,BUILDINGS & SITES,ROBERT F. KENNEDY BRIDGE,RFK SERVICE/FLEET BUILDING UPGRADES,NR,23.62,
D,905,RK,9W,D905RK9W,Bridges and Tunnels,BUILDINGS & SITES,ROBERT F. KENNEDY BRIDGE,ISD HUB RELOCATION,NR,11.18,
D,905,TN,9B,D905TN9B,Bridges and Tunnels,BUILDINGS & SITES,THROGS NECK BRIDGE,SERVICE BUILDING REHABILITATION,NR,19,
D,905,TN,9U,D905TN9U,Bridges and Tunnels,BUILDINGS & SITES,THROGS NECK BRIDGE,TN SITE IMPROVEMENTS,SI,7.59,
D,905,VN,9B,D905VN9B,Bridges and Tunnels,BUILDINGS & SITES,VERRAZZANO-NARROWS BRIDGE,BUILDING UPGRADES/SPACE REALLOCATION,NR,19.87,
D,906,AW,9A,D906AW9A,Bridges and Tunnels,MISCELLANEOUS,AGENCY-WIDE,EAM -RESERVE,SI,15,
D,906,AW,9D,D906AW9D,Bridges and Tunnels,MISCELLANEOUS,AGENCY-WIDE,MTA INDEPENDENT ENGINEER,,4.22,
D,906,AW,9E,D906AW9E,Bridges and Tunnels,MISCELLANEOUS,AGENCY-WIDE,PROTECTIVE LIABILITY INSURANCE,,12.75,
D,906,AW,9F,D906AW9F,Bridges and Tunnels,MISCELLANEOUS,AGENCY-WIDE,PROGRAM ADMINISTRATION,,13.14,
D,906,AW,9G,D906AW9G,Bridges and Tunnels,MISCELLANEOUS,AGENCY-WIDE,MISCELLANEOUS,,17.86,
D,906,AW,9H,D906AW9H,Bridges and Tunnels,MISCELLANEOUS,AGENCY-WIDE,SCOPE DEVELOPMENT,,14.41,
D,906,AW,9I,D906AW9I,Bridges and Tunnels,MISCELLANEOUS,AGENCY-WIDE,PRELIMINARY DESIGN,,16.38,
D,906,AW,9T,D906AW9T,Bridges and Tunnels,MISCELLANEOUS,AGENCY-WIDE,TEA - RESERVE,,4.38,
D,906,AW,9U,D906AW9U,Bridges and Tunnels,MISCELLANEOUS,AGENCY-WIDE,SBMP - RESERVE,,20,
D,907,AW,9P,D907AW9P,Bridges and Tunnels,STRUCTURAL PAINTING,AGENCY-WIDE,PAINTING RESERVE,NR,22.2,
D,907,BW,9O,D907BW9O,Bridges and Tunnels,STRUCTURAL PAINTING,BRONX-WHITESTONE BRIDGE,ANCHORAGE WATERPROOFING,NR,11.52,
D,907,BW,9P,D907BW9P,Bridges and Tunnels,STRUCTURAL PAINTING,BRONX-WHITESTONE BRIDGE,BW FACILITY-WIDE PAINTING PROGRAM,NR,16.26,
D,907,CB,9P,D907CB9P,Bridges and Tunnels,STRUCTURAL PAINTING,CROSS BAY BRIDGE,CB FACILITY-WIDE PAINTING PROGRAM,NR,12.66,
D,907,MP,9P,D907MP9P,Bridges and Tunnels,STRUCTURAL PAINTING,MARINE PARKWAY BRIDGE,MP FACILITY-WIDE PAINTING PROGRAM,NR,7.86,
D,907,RK,9P,D907RK9P,Bridges and Tunnels,STRUCTURAL PAINTING,ROBERT F. KENNEDY BRIDGE,RK FACILITY-WIDE PAINTING PROGRAM,NR,88.96,
D,907,TN,9O,D907TN9O,Bridges and Tunnels,STRUCTURAL PAINTING,THROGS NECK BRIDGE,ANCHORAGE WATERPROOFING,NR,15.54,
D,907,TN,9P,D907TN9P,Bridges and Tunnels,STRUCTURAL PAINTING,THROGS NECK BRIDGE,TN FACILITY-WIDE PAINTING PROGRAM,NR,29.22,
D,907,VN,9P,D907VN9P,Bridges and Tunnels,STRUCTURAL PAINTING,VERRAZZANO-NARROWS BRIDGE,VN FACILITY-WIDE PAINTING PROGRAM,NR,23.26,
